onset	duration	trial_type	value	sample
4.53125	1.0	NonTarget	1	1160
4.65625	1.0	NonTarget	1	1192
4.78125	1.0	NonTarget	1	1224
4.90625	1.0	NonTarget	1	1256
5.03125	1.0	NonTarget	1	1288
5.15625	1.0	NonTarget	1	1320
5.28125	1.0	NonTarget	1	1352
5.40625	1.0	NonTarget	1	1384
5.53125	1.0	NonTarget	1	1416
5.65625	1.0	NonTarget	1	1448
5.78125	1.0	NonTarget	1	1480
5.90625	1.0	NonTarget	1	1512
6.03125	1.0	NonTarget	1	1544
6.15625	1.0	NonTarget	1	1576
6.28125	1.0	NonTarget	1	1608
6.40625	1.0	NonTarget	1	1640
6.53125	1.0	NonTarget	1	1672
6.65625	1.0	NonTarget	1	1704
6.78125	1.0	NonTarget	1	1736
6.90625	1.0	NonTarget	1	1768
7.03125	1.0	NonTarget	1	1800
7.15625	1.0	NonTarget	1	1832
7.28125	1.0	NonTarget	1	1864
7.40625	1.0	NonTarget	1	1896
7.53125	1.0	NonTarget	1	1928
7.65625	1.0	NonTarget	1	1960
7.78125	1.0	NonTarget	1	1992
7.90625	1.0	NonTarget	1	2024
8.03125	1.0	NonTarget	1	2056
8.15625	1.0	NonTarget	1	2088
8.28125	1.0	NonTarget	1	2120
8.40625	1.0	NonTarget	1	2152
8.53125	1.0	NonTarget	1	2184
8.65625	1.0	NonTarget	1	2216
8.78125	1.0	NonTarget	1	2248
8.90625	1.0	NonTarget	1	2280
9.03125	1.0	NonTarget	1	2312
9.15625	1.0	NonTarget	1	2344
9.28125	1.0	NonTarget	1	2376
9.40625	1.0	NonTarget	1	2408
9.53125	1.0	NonTarget	1	2440
9.65625	1.0	NonTarget	1	2472
9.78125	1.0	NonTarget	1	2504
9.90625	1.0	NonTarget	1	2536
10.03125	1.0	NonTarget	1	2568
10.15625	1.0	NonTarget	1	2600
10.28125	1.0	NonTarget	1	2632
10.40625	1.0	NonTarget	1	2664
16.53125	1.0	NonTarget	1	4232
16.65625	1.0	NonTarget	1	4264
16.78125	1.0	NonTarget	1	4296
16.90625	1.0	NonTarget	1	4328
17.03125	1.0	NonTarget	1	4360
17.15625	1.0	NonTarget	1	4392
17.28125	1.0	NonTarget	1	4424
17.40625	1.0	NonTarget	1	4456
17.53125	1.0	NonTarget	1	4488
17.65625	1.0	NonTarget	1	4520
17.78125	1.0	NonTarget	1	4552
17.90625	1.0	NonTarget	1	4584
18.03125	1.0	NonTarget	1	4616
18.15625	1.0	NonTarget	1	4648
18.28125	1.0	NonTarget	1	4680
18.40625	1.0	NonTarget	1	4712
18.53125	1.0	NonTarget	1	4744
18.65625	1.0	NonTarget	1	4776
18.78125	1.0	NonTarget	1	4808
18.90625	1.0	NonTarget	1	4840
19.03125	1.0	NonTarget	1	4872
19.15625	1.0	NonTarget	1	4904
19.28125	1.0	NonTarget	1	4936
19.40625	1.0	NonTarget	1	4968
19.53125	1.0	NonTarget	1	5000
19.65625	1.0	NonTarget	1	5032
19.78125	1.0	NonTarget	1	5064
19.90625	1.0	NonTarget	1	5096
20.03125	1.0	NonTarget	1	5128
20.15625	1.0	NonTarget	1	5160
20.28125	1.0	NonTarget	1	5192
20.40625	1.0	NonTarget	1	5224
20.53125	1.0	NonTarget	1	5256
20.65625	1.0	NonTarget	1	5288
20.78125	1.0	NonTarget	1	5320
20.90625	1.0	NonTarget	1	5352
21.03125	1.0	NonTarget	1	5384
21.15625	1.0	NonTarget	1	5416
21.28125	1.0	NonTarget	1	5448
21.40625	1.0	NonTarget	1	5480
21.53125	1.0	NonTarget	1	5512
21.65625	1.0	NonTarget	1	5544
21.78125	1.0	NonTarget	1	5576
21.90625	1.0	NonTarget	1	5608
22.03125	1.0	NonTarget	1	5640
22.15625	1.0	NonTarget	1	5672
22.28125	1.0	NonTarget	1	5704
22.40625	1.0	NonTarget	1	5736
28.53125	1.0	NonTarget	1	7304
28.65625	1.0	NonTarget	1	7336
28.78125	1.0	NonTarget	1	7368
28.90625	1.0	NonTarget	1	7400
29.03125	1.0	NonTarget	1	7432
29.15625	1.0	NonTarget	1	7464
29.28125	1.0	NonTarget	1	7496
29.40625	1.0	NonTarget	1	7528
29.53125	1.0	NonTarget	1	7560
29.65625	1.0	NonTarget	1	7592
29.78125	1.0	NonTarget	1	7624
29.90625	1.0	NonTarget	1	7656
30.03125	1.0	NonTarget	1	7688
30.15625	1.0	NonTarget	1	7720
30.28125	1.0	NonTarget	1	7752
30.40625	1.0	NonTarget	1	7784
30.53125	1.0	NonTarget	1	7816
30.65625	1.0	NonTarget	1	7848
30.78125	1.0	NonTarget	1	7880
30.90625	1.0	NonTarget	1	7912
31.03125	1.0	NonTarget	1	7944
31.15625	1.0	NonTarget	1	7976
31.28125	1.0	NonTarget	1	8008
31.40625	1.0	NonTarget	1	8040
31.53125	1.0	NonTarget	1	8072
31.65625	1.0	NonTarget	1	8104
31.78125	1.0	NonTarget	1	8136
31.90625	1.0	NonTarget	1	8168
32.03125	1.0	NonTarget	1	8200
32.15625	1.0	NonTarget	1	8232
32.28125	1.0	NonTarget	1	8264
32.40625	1.0	NonTarget	1	8296
32.53125	1.0	NonTarget	1	8328
32.65625	1.0	NonTarget	1	8360
32.78125	1.0	NonTarget	1	8392
32.90625	1.0	NonTarget	1	8424
33.03125	1.0	NonTarget	1	8456
33.15625	1.0	NonTarget	1	8488
33.28125	1.0	NonTarget	1	8520
33.40625	1.0	NonTarget	1	8552
33.53125	1.0	NonTarget	1	8584
33.65625	1.0	NonTarget	1	8616
33.78125	1.0	NonTarget	1	8648
33.90625	1.0	NonTarget	1	8680
34.03125	1.0	NonTarget	1	8712
34.15625	1.0	NonTarget	1	8744
34.28125	1.0	NonTarget	1	8776
34.40625	1.0	NonTarget	1	8808
40.53125	1.0	NonTarget	1	10376
40.65625	1.0	NonTarget	1	10408
40.78125	1.0	NonTarget	1	10440
40.90625	1.0	NonTarget	1	10472
41.03125	1.0	NonTarget	1	10504
41.15625	1.0	NonTarget	1	10536
41.28125	1.0	NonTarget	1	10568
41.40625	1.0	NonTarget	1	10600
41.53125	1.0	NonTarget	1	10632
41.65625	1.0	NonTarget	1	10664
41.78125	1.0	NonTarget	1	10696
41.90625	1.0	NonTarget	1	10728
42.03125	1.0	NonTarget	1	10760
42.15625	1.0	NonTarget	1	10792
42.28125	1.0	NonTarget	1	10824
42.40625	1.0	NonTarget	1	10856
42.53125	1.0	NonTarget	1	10888
42.65625	1.0	NonTarget	1	10920
42.78125	1.0	NonTarget	1	10952
42.90625	1.0	NonTarget	1	10984
43.03125	1.0	NonTarget	1	11016
43.15625	1.0	NonTarget	1	11048
43.28125	1.0	NonTarget	1	11080
43.40625	1.0	NonTarget	1	11112
43.53125	1.0	NonTarget	1	11144
43.65625	1.0	NonTarget	1	11176
43.78125	1.0	NonTarget	1	11208
43.90625	1.0	NonTarget	1	11240
44.03125	1.0	NonTarget	1	11272
44.15625	1.0	NonTarget	1	11304
44.28125	1.0	NonTarget	1	11336
44.40625	1.0	NonTarget	1	11368
44.53125	1.0	NonTarget	1	11400
44.65625	1.0	NonTarget	1	11432
44.78125	1.0	NonTarget	1	11464
44.90625	1.0	NonTarget	1	11496
45.03125	1.0	NonTarget	1	11528
45.15625	1.0	NonTarget	1	11560
45.28125	1.0	NonTarget	1	11592
45.40625	1.0	NonTarget	1	11624
45.53125	1.0	NonTarget	1	11656
45.65625	1.0	NonTarget	1	11688
45.78125	1.0	NonTarget	1	11720
45.90625	1.0	NonTarget	1	11752
46.03125	1.0	NonTarget	1	11784
46.15625	1.0	NonTarget	1	11816
46.28125	1.0	NonTarget	1	11848
46.40625	1.0	NonTarget	1	11880
52.53125	1.0	NonTarget	1	13448
52.65625	1.0	NonTarget	1	13480
52.78125	1.0	NonTarget	1	13512
52.90625	1.0	NonTarget	1	13544
53.03125	1.0	NonTarget	1	13576
53.15625	1.0	NonTarget	1	13608
53.28125	1.0	NonTarget	1	13640
53.40625	1.0	NonTarget	1	13672
53.53125	1.0	NonTarget	1	13704
53.65625	1.0	NonTarget	1	13736
53.78125	1.0	NonTarget	1	13768
53.90625	1.0	NonTarget	1	13800
54.03125	1.0	NonTarget	1	13832
54.15625	1.0	NonTarget	1	13864
54.28125	1.0	NonTarget	1	13896
54.40625	1.0	NonTarget	1	13928
54.53125	1.0	NonTarget	1	13960
54.65625	1.0	NonTarget	1	13992
54.78125	1.0	NonTarget	1	14024
54.90625	1.0	NonTarget	1	14056
55.03125	1.0	NonTarget	1	14088
55.15625	1.0	NonTarget	1	14120
55.28125	1.0	NonTarget	1	14152
55.40625	1.0	NonTarget	1	14184
55.53125	1.0	NonTarget	1	14216
55.65625	1.0	NonTarget	1	14248
55.78125	1.0	NonTarget	1	14280
55.90625	1.0	NonTarget	1	14312
56.03125	1.0	NonTarget	1	14344
56.15625	1.0	NonTarget	1	14376
56.28125	1.0	NonTarget	1	14408
56.40625	1.0	NonTarget	1	14440
56.53125	1.0	NonTarget	1	14472
56.65625	1.0	NonTarget	1	14504
56.78125	1.0	NonTarget	1	14536
56.90625	1.0	NonTarget	1	14568
57.03125	1.0	NonTarget	1	14600
57.15625	1.0	NonTarget	1	14632
57.28125	1.0	NonTarget	1	14664
57.40625	1.0	NonTarget	1	14696
57.53125	1.0	NonTarget	1	14728
57.65625	1.0	NonTarget	1	14760
57.78125	1.0	NonTarget	1	14792
57.90625	1.0	NonTarget	1	14824
58.03125	1.0	NonTarget	1	14856
58.15625	1.0	NonTarget	1	14888
58.28125	1.0	NonTarget	1	14920
58.40625	1.0	NonTarget	1	14952
64.53125	1.0	NonTarget	1	16520
64.65625	1.0	NonTarget	1	16552
64.78125	1.0	NonTarget	1	16584
64.90625	1.0	NonTarget	1	16616
65.03125	1.0	NonTarget	1	16648
65.15625	1.0	NonTarget	1	16680
65.28125	1.0	NonTarget	1	16712
65.40625	1.0	NonTarget	1	16744
65.53125	1.0	NonTarget	1	16776
65.65625	1.0	NonTarget	1	16808
65.78125	1.0	NonTarget	1	16840
65.90625	1.0	NonTarget	1	16872
66.03125	1.0	NonTarget	1	16904
66.15625	1.0	NonTarget	1	16936
66.28125	1.0	NonTarget	1	16968
66.40625	1.0	NonTarget	1	17000
66.53125	1.0	NonTarget	1	17032
66.65625	1.0	NonTarget	1	17064
66.78125	1.0	NonTarget	1	17096
66.90625	1.0	NonTarget	1	17128
67.03125	1.0	NonTarget	1	17160
67.15625	1.0	NonTarget	1	17192
67.28125	1.0	NonTarget	1	17224
67.40625	1.0	NonTarget	1	17256
67.53125	1.0	NonTarget	1	17288
67.65625	1.0	NonTarget	1	17320
67.78125	1.0	NonTarget	1	17352
67.90625	1.0	NonTarget	1	17384
68.03125	1.0	NonTarget	1	17416
68.15625	1.0	NonTarget	1	17448
68.28125	1.0	NonTarget	1	17480
68.40625	1.0	NonTarget	1	17512
68.53125	1.0	NonTarget	1	17544
68.65625	1.0	NonTarget	1	17576
68.78125	1.0	NonTarget	1	17608
68.90625	1.0	NonTarget	1	17640
69.03125	1.0	NonTarget	1	17672
69.15625	1.0	NonTarget	1	17704
69.28125	1.0	NonTarget	1	17736
69.40625	1.0	NonTarget	1	17768
69.53125	1.0	NonTarget	1	17800
69.65625	1.0	NonTarget	1	17832
69.78125	1.0	NonTarget	1	17864
69.90625	1.0	NonTarget	1	17896
70.03125	1.0	NonTarget	1	17928
70.15625	1.0	NonTarget	1	17960
70.28125	1.0	NonTarget	1	17992
70.40625	1.0	NonTarget	1	18024
76.53125	1.0	NonTarget	1	19592
76.65625	1.0	NonTarget	1	19624
76.78125	1.0	NonTarget	1	19656
76.90625	1.0	NonTarget	1	19688
77.03125	1.0	NonTarget	1	19720
77.15625	1.0	NonTarget	1	19752
77.28125	1.0	NonTarget	1	19784
77.40625	1.0	NonTarget	1	19816
77.53125	1.0	NonTarget	1	19848
77.65625	1.0	NonTarget	1	19880
77.78125	1.0	NonTarget	1	19912
77.90625	1.0	NonTarget	1	19944
78.03125	1.0	NonTarget	1	19976
78.15625	1.0	NonTarget	1	20008
78.28125	1.0	NonTarget	1	20040
78.40625	1.0	NonTarget	1	20072
78.53125	1.0	NonTarget	1	20104
78.65625	1.0	NonTarget	1	20136
78.78125	1.0	NonTarget	1	20168
78.90625	1.0	NonTarget	1	20200
79.03125	1.0	NonTarget	1	20232
79.15625	1.0	NonTarget	1	20264
79.28125	1.0	NonTarget	1	20296
79.40625	1.0	NonTarget	1	20328
79.53125	1.0	NonTarget	1	20360
79.65625	1.0	NonTarget	1	20392
79.78125	1.0	NonTarget	1	20424
79.90625	1.0	NonTarget	1	20456
80.03125	1.0	NonTarget	1	20488
80.15625	1.0	NonTarget	1	20520
80.28125	1.0	NonTarget	1	20552
80.40625	1.0	NonTarget	1	20584
80.53125	1.0	NonTarget	1	20616
80.65625	1.0	NonTarget	1	20648
80.78125	1.0	NonTarget	1	20680
80.90625	1.0	NonTarget	1	20712
81.03125	1.0	NonTarget	1	20744
81.15625	1.0	NonTarget	1	20776
81.28125	1.0	NonTarget	1	20808
81.40625	1.0	NonTarget	1	20840
81.53125	1.0	NonTarget	1	20872
81.65625	1.0	NonTarget	1	20904
81.78125	1.0	NonTarget	1	20936
81.90625	1.0	NonTarget	1	20968
82.03125	1.0	NonTarget	1	21000
82.15625	1.0	NonTarget	1	21032
82.28125	1.0	NonTarget	1	21064
82.40625	1.0	NonTarget	1	21096
88.53125	1.0	NonTarget	1	22664
88.65625	1.0	NonTarget	1	22696
88.78125	1.0	NonTarget	1	22728
88.90625	1.0	NonTarget	1	22760
89.03125	1.0	NonTarget	1	22792
89.15625	1.0	NonTarget	1	22824
89.28125	1.0	NonTarget	1	22856
89.40625	1.0	NonTarget	1	22888
89.53125	1.0	NonTarget	1	22920
89.65625	1.0	NonTarget	1	22952
89.78125	1.0	NonTarget	1	22984
89.90625	1.0	NonTarget	1	23016
90.03125	1.0	NonTarget	1	23048
90.15625	1.0	NonTarget	1	23080
90.28125	1.0	NonTarget	1	23112
90.40625	1.0	NonTarget	1	23144
90.53125	1.0	NonTarget	1	23176
90.65625	1.0	NonTarget	1	23208
90.78125	1.0	NonTarget	1	23240
90.90625	1.0	NonTarget	1	23272
91.03125	1.0	NonTarget	1	23304
91.15625	1.0	NonTarget	1	23336
91.28125	1.0	NonTarget	1	23368
91.40625	1.0	NonTarget	1	23400
91.53125	1.0	NonTarget	1	23432
91.65625	1.0	NonTarget	1	23464
91.78125	1.0	NonTarget	1	23496
91.90625	1.0	NonTarget	1	23528
92.03125	1.0	NonTarget	1	23560
92.15625	1.0	NonTarget	1	23592
92.28125	1.0	NonTarget	1	23624
92.40625	1.0	NonTarget	1	23656
92.53125	1.0	NonTarget	1	23688
92.65625	1.0	NonTarget	1	23720
92.78125	1.0	NonTarget	1	23752
92.90625	1.0	NonTarget	1	23784
93.03125	1.0	NonTarget	1	23816
93.15625	1.0	NonTarget	1	23848
93.28125	1.0	NonTarget	1	23880
93.40625	1.0	NonTarget	1	23912
93.53125	1.0	NonTarget	1	23944
93.65625	1.0	NonTarget	1	23976
93.78125	1.0	NonTarget	1	24008
93.90625	1.0	NonTarget	1	24040
94.03125	1.0	NonTarget	1	24072
94.15625	1.0	NonTarget	1	24104
94.28125	1.0	NonTarget	1	24136
94.40625	1.0	NonTarget	1	24168
100.53125	1.0	NonTarget	1	25736
100.65625	1.0	NonTarget	1	25768
100.78125	1.0	NonTarget	1	25800
100.90625	1.0	NonTarget	1	25832
101.03125	1.0	NonTarget	1	25864
101.15625	1.0	NonTarget	1	25896
101.28125	1.0	NonTarget	1	25928
101.40625	1.0	NonTarget	1	25960
101.53125	1.0	NonTarget	1	25992
101.65625	1.0	NonTarget	1	26024
101.78125	1.0	NonTarget	1	26056
101.90625	1.0	NonTarget	1	26088
102.03125	1.0	NonTarget	1	26120
102.15625	1.0	NonTarget	1	26152
102.28125	1.0	NonTarget	1	26184
102.40625	1.0	NonTarget	1	26216
102.53125	1.0	NonTarget	1	26248
102.65625	1.0	NonTarget	1	26280
102.78125	1.0	NonTarget	1	26312
102.90625	1.0	NonTarget	1	26344
103.03125	1.0	NonTarget	1	26376
103.15625	1.0	NonTarget	1	26408
103.28125	1.0	NonTarget	1	26440
103.40625	1.0	NonTarget	1	26472
103.53125	1.0	NonTarget	1	26504
103.65625	1.0	NonTarget	1	26536
103.78125	1.0	NonTarget	1	26568
103.90625	1.0	NonTarget	1	26600
104.03125	1.0	NonTarget	1	26632
104.15625	1.0	NonTarget	1	26664
104.28125	1.0	NonTarget	1	26696
104.40625	1.0	NonTarget	1	26728
104.53125	1.0	NonTarget	1	26760
104.65625	1.0	NonTarget	1	26792
104.78125	1.0	NonTarget	1	26824
104.90625	1.0	NonTarget	1	26856
105.03125	1.0	NonTarget	1	26888
105.15625	1.0	NonTarget	1	26920
105.28125	1.0	NonTarget	1	26952
105.40625	1.0	NonTarget	1	26984
105.53125	1.0	NonTarget	1	27016
105.65625	1.0	NonTarget	1	27048
105.78125	1.0	NonTarget	1	27080
105.90625	1.0	NonTarget	1	27112
106.03125	1.0	NonTarget	1	27144
106.15625	1.0	NonTarget	1	27176
106.28125	1.0	NonTarget	1	27208
106.40625	1.0	NonTarget	1	27240
112.53125	1.0	NonTarget	1	28808
112.65625	1.0	NonTarget	1	28840
112.78125	1.0	NonTarget	1	28872
112.90625	1.0	NonTarget	1	28904
113.03125	1.0	NonTarget	1	28936
113.15625	1.0	NonTarget	1	28968
113.28125	1.0	NonTarget	1	29000
113.40625	1.0	NonTarget	1	29032
113.53125	1.0	NonTarget	1	29064
113.65625	1.0	NonTarget	1	29096
113.78125	1.0	NonTarget	1	29128
113.90625	1.0	NonTarget	1	29160
114.03125	1.0	NonTarget	1	29192
114.15625	1.0	NonTarget	1	29224
114.28125	1.0	NonTarget	1	29256
114.40625	1.0	NonTarget	1	29288
114.53125	1.0	NonTarget	1	29320
114.65625	1.0	NonTarget	1	29352
114.78125	1.0	NonTarget	1	29384
114.90625	1.0	NonTarget	1	29416
115.03125	1.0	NonTarget	1	29448
115.15625	1.0	NonTarget	1	29480
115.28125	1.0	NonTarget	1	29512
115.40625	1.0	NonTarget	1	29544
115.53125	1.0	NonTarget	1	29576
115.65625	1.0	NonTarget	1	29608
115.78125	1.0	NonTarget	1	29640
115.90625	1.0	NonTarget	1	29672
116.03125	1.0	NonTarget	1	29704
116.15625	1.0	NonTarget	1	29736
116.28125	1.0	NonTarget	1	29768
116.40625	1.0	NonTarget	1	29800
116.53125	1.0	NonTarget	1	29832
116.65625	1.0	NonTarget	1	29864
116.78125	1.0	NonTarget	1	29896
116.90625	1.0	NonTarget	1	29928
117.03125	1.0	NonTarget	1	29960
117.15625	1.0	NonTarget	1	29992
117.28125	1.0	NonTarget	1	30024
117.40625	1.0	NonTarget	1	30056
117.53125	1.0	NonTarget	1	30088
117.65625	1.0	NonTarget	1	30120
117.78125	1.0	NonTarget	1	30152
117.90625	1.0	NonTarget	1	30184
118.03125	1.0	NonTarget	1	30216
118.15625	1.0	NonTarget	1	30248
118.28125	1.0	NonTarget	1	30280
118.40625	1.0	NonTarget	1	30312
124.53125	1.0	NonTarget	1	31880
124.65625	1.0	NonTarget	1	31912
124.78125	1.0	NonTarget	1	31944
124.90625	1.0	NonTarget	1	31976
125.03125	1.0	NonTarget	1	32008
125.15625	1.0	NonTarget	1	32040
125.28125	1.0	NonTarget	1	32072
125.40625	1.0	NonTarget	1	32104
125.53125	1.0	NonTarget	1	32136
125.65625	1.0	NonTarget	1	32168
125.78125	1.0	NonTarget	1	32200
125.90625	1.0	NonTarget	1	32232
126.03125	1.0	NonTarget	1	32264
126.15625	1.0	NonTarget	1	32296
126.28125	1.0	NonTarget	1	32328
126.40625	1.0	NonTarget	1	32360
126.53125	1.0	NonTarget	1	32392
126.65625	1.0	NonTarget	1	32424
126.78125	1.0	NonTarget	1	32456
126.90625	1.0	NonTarget	1	32488
127.03125	1.0	NonTarget	1	32520
127.15625	1.0	NonTarget	1	32552
127.28125	1.0	NonTarget	1	32584
127.40625	1.0	NonTarget	1	32616
127.53125	1.0	NonTarget	1	32648
127.65625	1.0	NonTarget	1	32680
127.78125	1.0	NonTarget	1	32712
127.90625	1.0	NonTarget	1	32744
128.03125	1.0	NonTarget	1	32776
128.15625	1.0	NonTarget	1	32808
128.28125	1.0	NonTarget	1	32840
128.40625	1.0	NonTarget	1	32872
128.53125	1.0	NonTarget	1	32904
128.65625	1.0	NonTarget	1	32936
128.78125	1.0	NonTarget	1	32968
128.90625	1.0	NonTarget	1	33000
129.03125	1.0	NonTarget	1	33032
129.15625	1.0	NonTarget	1	33064
129.28125	1.0	NonTarget	1	33096
129.40625	1.0	NonTarget	1	33128
129.53125	1.0	NonTarget	1	33160
129.65625	1.0	NonTarget	1	33192
129.78125	1.0	NonTarget	1	33224
129.90625	1.0	NonTarget	1	33256
130.03125	1.0	NonTarget	1	33288
130.15625	1.0	NonTarget	1	33320
130.28125	1.0	NonTarget	1	33352
130.40625	1.0	NonTarget	1	33384
136.53125	1.0	NonTarget	1	34952
136.65625	1.0	NonTarget	1	34984
136.78125	1.0	NonTarget	1	35016
136.90625	1.0	NonTarget	1	35048
137.03125	1.0	NonTarget	1	35080
137.15625	1.0	NonTarget	1	35112
137.28125	1.0	NonTarget	1	35144
137.40625	1.0	NonTarget	1	35176
137.53125	1.0	NonTarget	1	35208
137.65625	1.0	NonTarget	1	35240
137.78125	1.0	NonTarget	1	35272
137.90625	1.0	NonTarget	1	35304
138.03125	1.0	NonTarget	1	35336
138.15625	1.0	NonTarget	1	35368
138.28125	1.0	NonTarget	1	35400
138.40625	1.0	NonTarget	1	35432
138.53125	1.0	NonTarget	1	35464
138.65625	1.0	NonTarget	1	35496
138.78125	1.0	NonTarget	1	35528
138.90625	1.0	NonTarget	1	35560
139.03125	1.0	NonTarget	1	35592
139.15625	1.0	NonTarget	1	35624
139.28125	1.0	NonTarget	1	35656
139.40625	1.0	NonTarget	1	35688
139.53125	1.0	NonTarget	1	35720
139.65625	1.0	NonTarget	1	35752
139.78125	1.0	NonTarget	1	35784
139.90625	1.0	NonTarget	1	35816
140.03125	1.0	NonTarget	1	35848
140.15625	1.0	NonTarget	1	35880
140.28125	1.0	NonTarget	1	35912
140.40625	1.0	NonTarget	1	35944
140.53125	1.0	NonTarget	1	35976
140.65625	1.0	NonTarget	1	36008
140.78125	1.0	NonTarget	1	36040
140.90625	1.0	NonTarget	1	36072
141.03125	1.0	NonTarget	1	36104
141.15625	1.0	NonTarget	1	36136
141.28125	1.0	NonTarget	1	36168
141.40625	1.0	NonTarget	1	36200
141.53125	1.0	NonTarget	1	36232
141.65625	1.0	NonTarget	1	36264
141.78125	1.0	NonTarget	1	36296
141.90625	1.0	NonTarget	1	36328
142.03125	1.0	NonTarget	1	36360
142.15625	1.0	NonTarget	1	36392
142.28125	1.0	NonTarget	1	36424
142.40625	1.0	NonTarget	1	36456
148.53125	1.0	NonTarget	1	38024
148.65625	1.0	NonTarget	1	38056
148.78125	1.0	NonTarget	1	38088
148.90625	1.0	NonTarget	1	38120
149.03125	1.0	NonTarget	1	38152
149.15625	1.0	NonTarget	1	38184
149.28125	1.0	NonTarget	1	38216
149.40625	1.0	NonTarget	1	38248
149.53125	1.0	NonTarget	1	38280
149.65625	1.0	NonTarget	1	38312
149.78125	1.0	NonTarget	1	38344
149.90625	1.0	NonTarget	1	38376
150.03125	1.0	NonTarget	1	38408
150.15625	1.0	NonTarget	1	38440
150.28125	1.0	NonTarget	1	38472
150.40625	1.0	NonTarget	1	38504
150.53125	1.0	NonTarget	1	38536
150.65625	1.0	NonTarget	1	38568
150.78125	1.0	NonTarget	1	38600
150.90625	1.0	NonTarget	1	38632
151.03125	1.0	NonTarget	1	38664
151.15625	1.0	NonTarget	1	38696
151.28125	1.0	NonTarget	1	38728
151.40625	1.0	NonTarget	1	38760
151.53125	1.0	NonTarget	1	38792
151.65625	1.0	NonTarget	1	38824
151.78125	1.0	NonTarget	1	38856
151.90625	1.0	NonTarget	1	38888
152.03125	1.0	NonTarget	1	38920
152.15625	1.0	NonTarget	1	38952
152.28125	1.0	NonTarget	1	38984
152.40625	1.0	NonTarget	1	39016
152.53125	1.0	NonTarget	1	39048
152.65625	1.0	NonTarget	1	39080
152.78125	1.0	NonTarget	1	39112
152.90625	1.0	NonTarget	1	39144
153.03125	1.0	NonTarget	1	39176
153.15625	1.0	NonTarget	1	39208
153.28125	1.0	NonTarget	1	39240
153.40625	1.0	NonTarget	1	39272
153.53125	1.0	NonTarget	1	39304
153.65625	1.0	NonTarget	1	39336
153.78125	1.0	NonTarget	1	39368
153.90625	1.0	NonTarget	1	39400
154.03125	1.0	NonTarget	1	39432
154.15625	1.0	NonTarget	1	39464
154.28125	1.0	NonTarget	1	39496
154.40625	1.0	NonTarget	1	39528
160.53125	1.0	NonTarget	1	41096
160.65625	1.0	NonTarget	1	41128
160.78125	1.0	NonTarget	1	41160
160.90625	1.0	NonTarget	1	41192
161.03125	1.0	NonTarget	1	41224
161.15625	1.0	NonTarget	1	41256
161.28125	1.0	NonTarget	1	41288
161.40625	1.0	NonTarget	1	41320
161.53125	1.0	NonTarget	1	41352
161.65625	1.0	NonTarget	1	41384
161.78125	1.0	NonTarget	1	41416
161.90625	1.0	NonTarget	1	41448
162.03125	1.0	NonTarget	1	41480
162.15625	1.0	NonTarget	1	41512
162.28125	1.0	NonTarget	1	41544
162.40625	1.0	NonTarget	1	41576
162.53125	1.0	NonTarget	1	41608
162.65625	1.0	NonTarget	1	41640
162.78125	1.0	NonTarget	1	41672
162.90625	1.0	NonTarget	1	41704
163.03125	1.0	NonTarget	1	41736
163.15625	1.0	NonTarget	1	41768
163.28125	1.0	NonTarget	1	41800
163.40625	1.0	NonTarget	1	41832
163.53125	1.0	NonTarget	1	41864
163.65625	1.0	NonTarget	1	41896
163.78125	1.0	NonTarget	1	41928
163.90625	1.0	NonTarget	1	41960
164.03125	1.0	NonTarget	1	41992
164.15625	1.0	NonTarget	1	42024
164.28125	1.0	NonTarget	1	42056
164.40625	1.0	NonTarget	1	42088
164.53125	1.0	NonTarget	1	42120
164.65625	1.0	NonTarget	1	42152
164.78125	1.0	NonTarget	1	42184
164.90625	1.0	NonTarget	1	42216
165.03125	1.0	NonTarget	1	42248
165.15625	1.0	NonTarget	1	42280
165.28125	1.0	NonTarget	1	42312
165.40625	1.0	NonTarget	1	42344
165.53125	1.0	NonTarget	1	42376
165.65625	1.0	NonTarget	1	42408
165.78125	1.0	NonTarget	1	42440
165.90625	1.0	NonTarget	1	42472
166.03125	1.0	NonTarget	1	42504
166.15625	1.0	NonTarget	1	42536
166.28125	1.0	NonTarget	1	42568
166.40625	1.0	NonTarget	1	42600
172.53125	1.0	NonTarget	1	44168
172.65625	1.0	NonTarget	1	44200
172.78125	1.0	NonTarget	1	44232
172.90625	1.0	NonTarget	1	44264
173.03125	1.0	NonTarget	1	44296
173.15625	1.0	NonTarget	1	44328
173.28125	1.0	NonTarget	1	44360
173.40625	1.0	NonTarget	1	44392
173.53125	1.0	NonTarget	1	44424
173.65625	1.0	NonTarget	1	44456
173.78125	1.0	NonTarget	1	44488
173.90625	1.0	NonTarget	1	44520
174.03125	1.0	NonTarget	1	44552
174.15625	1.0	NonTarget	1	44584
174.28125	1.0	NonTarget	1	44616
174.40625	1.0	NonTarget	1	44648
174.53125	1.0	NonTarget	1	44680
174.65625	1.0	NonTarget	1	44712
174.78125	1.0	NonTarget	1	44744
174.90625	1.0	NonTarget	1	44776
175.03125	1.0	NonTarget	1	44808
175.15625	1.0	NonTarget	1	44840
175.28125	1.0	NonTarget	1	44872
175.40625	1.0	NonTarget	1	44904
175.53125	1.0	NonTarget	1	44936
175.65625	1.0	NonTarget	1	44968
175.78125	1.0	NonTarget	1	45000
175.90625	1.0	NonTarget	1	45032
176.03125	1.0	NonTarget	1	45064
176.15625	1.0	NonTarget	1	45096
176.28125	1.0	NonTarget	1	45128
176.40625	1.0	NonTarget	1	45160
176.53125	1.0	NonTarget	1	45192
176.65625	1.0	NonTarget	1	45224
176.78125	1.0	NonTarget	1	45256
176.90625	1.0	NonTarget	1	45288
177.03125	1.0	NonTarget	1	45320
177.15625	1.0	NonTarget	1	45352
177.28125	1.0	NonTarget	1	45384
177.40625	1.0	NonTarget	1	45416
177.53125	1.0	NonTarget	1	45448
177.65625	1.0	NonTarget	1	45480
177.78125	1.0	NonTarget	1	45512
177.90625	1.0	NonTarget	1	45544
178.03125	1.0	NonTarget	1	45576
178.15625	1.0	NonTarget	1	45608
178.28125	1.0	NonTarget	1	45640
178.40625	1.0	NonTarget	1	45672
184.53125	1.0	NonTarget	1	47240
184.65625	1.0	NonTarget	1	47272
184.78125	1.0	NonTarget	1	47304
184.90625	1.0	NonTarget	1	47336
185.03125	1.0	NonTarget	1	47368
185.15625	1.0	NonTarget	1	47400
185.28125	1.0	NonTarget	1	47432
185.40625	1.0	NonTarget	1	47464
185.53125	1.0	NonTarget	1	47496
185.65625	1.0	NonTarget	1	47528
185.78125	1.0	NonTarget	1	47560
185.90625	1.0	NonTarget	1	47592
186.03125	1.0	NonTarget	1	47624
186.15625	1.0	NonTarget	1	47656
186.28125	1.0	NonTarget	1	47688
186.40625	1.0	NonTarget	1	47720
186.53125	1.0	NonTarget	1	47752
186.65625	1.0	NonTarget	1	47784
186.78125	1.0	NonTarget	1	47816
186.90625	1.0	NonTarget	1	47848
187.03125	1.0	NonTarget	1	47880
187.15625	1.0	NonTarget	1	47912
187.28125	1.0	NonTarget	1	47944
187.40625	1.0	NonTarget	1	47976
187.53125	1.0	NonTarget	1	48008
187.65625	1.0	NonTarget	1	48040
187.78125	1.0	NonTarget	1	48072
187.90625	1.0	NonTarget	1	48104
188.03125	1.0	NonTarget	1	48136
188.15625	1.0	NonTarget	1	48168
188.28125	1.0	NonTarget	1	48200
188.40625	1.0	NonTarget	1	48232
188.53125	1.0	NonTarget	1	48264
188.65625	1.0	NonTarget	1	48296
188.78125	1.0	NonTarget	1	48328
188.90625	1.0	NonTarget	1	48360
189.03125	1.0	NonTarget	1	48392
189.15625	1.0	NonTarget	1	48424
189.28125	1.0	NonTarget	1	48456
189.40625	1.0	NonTarget	1	48488
189.53125	1.0	NonTarget	1	48520
189.65625	1.0	NonTarget	1	48552
189.78125	1.0	NonTarget	1	48584
189.90625	1.0	NonTarget	1	48616
190.03125	1.0	NonTarget	1	48648
190.15625	1.0	NonTarget	1	48680
190.28125	1.0	NonTarget	1	48712
190.40625	1.0	NonTarget	1	48744
196.53125	1.0	NonTarget	1	50312
196.65625	1.0	NonTarget	1	50344
196.78125	1.0	NonTarget	1	50376
196.90625	1.0	NonTarget	1	50408
197.03125	1.0	NonTarget	1	50440
197.15625	1.0	NonTarget	1	50472
197.28125	1.0	NonTarget	1	50504
197.40625	1.0	NonTarget	1	50536
197.53125	1.0	NonTarget	1	50568
197.65625	1.0	NonTarget	1	50600
197.78125	1.0	NonTarget	1	50632
197.90625	1.0	NonTarget	1	50664
198.03125	1.0	NonTarget	1	50696
198.15625	1.0	NonTarget	1	50728
198.28125	1.0	NonTarget	1	50760
198.40625	1.0	NonTarget	1	50792
198.53125	1.0	NonTarget	1	50824
198.65625	1.0	NonTarget	1	50856
198.78125	1.0	NonTarget	1	50888
198.90625	1.0	NonTarget	1	50920
199.03125	1.0	NonTarget	1	50952
199.15625	1.0	NonTarget	1	50984
199.28125	1.0	NonTarget	1	51016
199.40625	1.0	NonTarget	1	51048
199.53125	1.0	NonTarget	1	51080
199.65625	1.0	NonTarget	1	51112
199.78125	1.0	NonTarget	1	51144
199.90625	1.0	NonTarget	1	51176
200.03125	1.0	NonTarget	1	51208
200.15625	1.0	NonTarget	1	51240
200.28125	1.0	NonTarget	1	51272
200.40625	1.0	NonTarget	1	51304
200.53125	1.0	NonTarget	1	51336
200.65625	1.0	NonTarget	1	51368
200.78125	1.0	NonTarget	1	51400
200.90625	1.0	NonTarget	1	51432
201.03125	1.0	NonTarget	1	51464
201.15625	1.0	NonTarget	1	51496
201.28125	1.0	NonTarget	1	51528
201.40625	1.0	NonTarget	1	51560
201.53125	1.0	NonTarget	1	51592
201.65625	1.0	NonTarget	1	51624
201.78125	1.0	NonTarget	1	51656
201.90625	1.0	NonTarget	1	51688
202.03125	1.0	NonTarget	1	51720
202.15625	1.0	NonTarget	1	51752
202.28125	1.0	NonTarget	1	51784
202.40625	1.0	NonTarget	1	51816
208.53125	1.0	NonTarget	1	53384
208.65625	1.0	NonTarget	1	53416
208.78125	1.0	NonTarget	1	53448
208.90625	1.0	NonTarget	1	53480
209.03125	1.0	NonTarget	1	53512
209.15625	1.0	NonTarget	1	53544
209.28125	1.0	NonTarget	1	53576
209.40625	1.0	NonTarget	1	53608
209.53125	1.0	NonTarget	1	53640
209.65625	1.0	NonTarget	1	53672
209.78125	1.0	NonTarget	1	53704
209.90625	1.0	NonTarget	1	53736
210.03125	1.0	NonTarget	1	53768
210.15625	1.0	NonTarget	1	53800
210.28125	1.0	NonTarget	1	53832
210.40625	1.0	NonTarget	1	53864
210.53125	1.0	NonTarget	1	53896
210.65625	1.0	NonTarget	1	53928
210.78125	1.0	NonTarget	1	53960
210.90625	1.0	NonTarget	1	53992
211.03125	1.0	NonTarget	1	54024
211.15625	1.0	NonTarget	1	54056
211.28125	1.0	NonTarget	1	54088
211.40625	1.0	NonTarget	1	54120
211.53125	1.0	NonTarget	1	54152
211.65625	1.0	NonTarget	1	54184
211.78125	1.0	NonTarget	1	54216
211.90625	1.0	NonTarget	1	54248
212.03125	1.0	NonTarget	1	54280
212.15625	1.0	NonTarget	1	54312
212.28125	1.0	NonTarget	1	54344
212.40625	1.0	NonTarget	1	54376
212.53125	1.0	NonTarget	1	54408
212.65625	1.0	NonTarget	1	54440
212.78125	1.0	NonTarget	1	54472
212.90625	1.0	NonTarget	1	54504
213.03125	1.0	NonTarget	1	54536
213.15625	1.0	NonTarget	1	54568
213.28125	1.0	NonTarget	1	54600
213.40625	1.0	NonTarget	1	54632
213.53125	1.0	NonTarget	1	54664
213.65625	1.0	NonTarget	1	54696
213.78125	1.0	NonTarget	1	54728
213.90625	1.0	NonTarget	1	54760
214.03125	1.0	NonTarget	1	54792
214.15625	1.0	NonTarget	1	54824
214.28125	1.0	NonTarget	1	54856
214.40625	1.0	NonTarget	1	54888
220.53125	1.0	NonTarget	1	56456
220.65625	1.0	NonTarget	1	56488
220.78125	1.0	NonTarget	1	56520
220.90625	1.0	NonTarget	1	56552
221.03125	1.0	NonTarget	1	56584
221.15625	1.0	NonTarget	1	56616
221.28125	1.0	NonTarget	1	56648
221.40625	1.0	NonTarget	1	56680
221.53125	1.0	NonTarget	1	56712
221.65625	1.0	NonTarget	1	56744
221.78125	1.0	NonTarget	1	56776
221.90625	1.0	NonTarget	1	56808
222.03125	1.0	NonTarget	1	56840
222.15625	1.0	NonTarget	1	56872
222.28125	1.0	NonTarget	1	56904
222.40625	1.0	NonTarget	1	56936
222.53125	1.0	NonTarget	1	56968
222.65625	1.0	NonTarget	1	57000
222.78125	1.0	NonTarget	1	57032
222.90625	1.0	NonTarget	1	57064
223.03125	1.0	NonTarget	1	57096
223.15625	1.0	NonTarget	1	57128
223.28125	1.0	NonTarget	1	57160
223.40625	1.0	NonTarget	1	57192
223.53125	1.0	NonTarget	1	57224
223.65625	1.0	NonTarget	1	57256
223.78125	1.0	NonTarget	1	57288
223.90625	1.0	NonTarget	1	57320
224.03125	1.0	NonTarget	1	57352
224.15625	1.0	NonTarget	1	57384
224.28125	1.0	NonTarget	1	57416
224.40625	1.0	NonTarget	1	57448
224.53125	1.0	NonTarget	1	57480
224.65625	1.0	NonTarget	1	57512
224.78125	1.0	NonTarget	1	57544
224.90625	1.0	NonTarget	1	57576
225.03125	1.0	NonTarget	1	57608
225.15625	1.0	NonTarget	1	57640
225.28125	1.0	NonTarget	1	57672
225.40625	1.0	NonTarget	1	57704
225.53125	1.0	NonTarget	1	57736
225.65625	1.0	NonTarget	1	57768
225.78125	1.0	NonTarget	1	57800
225.90625	1.0	NonTarget	1	57832
226.03125	1.0	NonTarget	1	57864
226.15625	1.0	NonTarget	1	57896
226.28125	1.0	NonTarget	1	57928
226.40625	1.0	NonTarget	1	57960
232.53125	1.0	NonTarget	1	59528
232.65625	1.0	NonTarget	1	59560
232.78125	1.0	NonTarget	1	59592
232.90625	1.0	NonTarget	1	59624
233.03125	1.0	NonTarget	1	59656
233.15625	1.0	NonTarget	1	59688
233.28125	1.0	NonTarget	1	59720
233.40625	1.0	NonTarget	1	59752
233.53125	1.0	NonTarget	1	59784
233.65625	1.0	NonTarget	1	59816
233.78125	1.0	NonTarget	1	59848
233.90625	1.0	NonTarget	1	59880
234.03125	1.0	NonTarget	1	59912
234.15625	1.0	NonTarget	1	59944
234.28125	1.0	NonTarget	1	59976
234.40625	1.0	NonTarget	1	60008
234.53125	1.0	NonTarget	1	60040
234.65625	1.0	NonTarget	1	60072
234.78125	1.0	NonTarget	1	60104
234.90625	1.0	NonTarget	1	60136
235.03125	1.0	NonTarget	1	60168
235.15625	1.0	NonTarget	1	60200
235.28125	1.0	NonTarget	1	60232
235.40625	1.0	NonTarget	1	60264
235.53125	1.0	NonTarget	1	60296
235.65625	1.0	NonTarget	1	60328
235.78125	1.0	NonTarget	1	60360
235.90625	1.0	NonTarget	1	60392
236.03125	1.0	NonTarget	1	60424
236.15625	1.0	NonTarget	1	60456
236.28125	1.0	NonTarget	1	60488
236.40625	1.0	NonTarget	1	60520
236.53125	1.0	NonTarget	1	60552
236.65625	1.0	NonTarget	1	60584
236.78125	1.0	NonTarget	1	60616
236.90625	1.0	NonTarget	1	60648
237.03125	1.0	NonTarget	1	60680
237.15625	1.0	NonTarget	1	60712
237.28125	1.0	NonTarget	1	60744
237.40625	1.0	NonTarget	1	60776
237.53125	1.0	NonTarget	1	60808
237.65625	1.0	NonTarget	1	60840
237.78125	1.0	NonTarget	1	60872
237.90625	1.0	NonTarget	1	60904
238.03125	1.0	NonTarget	1	60936
238.15625	1.0	NonTarget	1	60968
238.28125	1.0	NonTarget	1	61000
238.40625	1.0	NonTarget	1	61032
244.53125	1.0	NonTarget	1	62600
244.65625	1.0	NonTarget	1	62632
244.78125	1.0	NonTarget	1	62664
244.90625	1.0	NonTarget	1	62696
245.03125	1.0	NonTarget	1	62728
245.15625	1.0	NonTarget	1	62760
245.28125	1.0	NonTarget	1	62792
245.40625	1.0	NonTarget	1	62824
245.53125	1.0	NonTarget	1	62856
245.65625	1.0	NonTarget	1	62888
245.78125	1.0	NonTarget	1	62920
245.90625	1.0	NonTarget	1	62952
246.03125	1.0	NonTarget	1	62984
246.15625	1.0	NonTarget	1	63016
246.28125	1.0	NonTarget	1	63048
246.40625	1.0	NonTarget	1	63080
246.53125	1.0	NonTarget	1	63112
246.65625	1.0	NonTarget	1	63144
246.78125	1.0	NonTarget	1	63176
246.90625	1.0	NonTarget	1	63208
247.03125	1.0	NonTarget	1	63240
247.15625	1.0	NonTarget	1	63272
247.28125	1.0	NonTarget	1	63304
247.40625	1.0	NonTarget	1	63336
247.53125	1.0	NonTarget	1	63368
247.65625	1.0	NonTarget	1	63400
247.78125	1.0	NonTarget	1	63432
247.90625	1.0	NonTarget	1	63464
248.03125	1.0	NonTarget	1	63496
248.15625	1.0	NonTarget	1	63528
248.28125	1.0	NonTarget	1	63560
248.40625	1.0	NonTarget	1	63592
248.53125	1.0	NonTarget	1	63624
248.65625	1.0	NonTarget	1	63656
248.78125	1.0	NonTarget	1	63688
248.90625	1.0	NonTarget	1	63720
249.03125	1.0	NonTarget	1	63752
249.15625	1.0	NonTarget	1	63784
249.28125	1.0	NonTarget	1	63816
249.40625	1.0	NonTarget	1	63848
249.53125	1.0	NonTarget	1	63880
249.65625	1.0	NonTarget	1	63912
249.78125	1.0	NonTarget	1	63944
249.90625	1.0	NonTarget	1	63976
250.03125	1.0	NonTarget	1	64008
250.15625	1.0	NonTarget	1	64040
250.28125	1.0	NonTarget	1	64072
250.40625	1.0	NonTarget	1	64104
256.53125	1.0	NonTarget	1	65672
256.65625	1.0	NonTarget	1	65704
256.78125	1.0	NonTarget	1	65736
256.90625	1.0	NonTarget	1	65768
257.03125	1.0	NonTarget	1	65800
257.15625	1.0	NonTarget	1	65832
257.28125	1.0	NonTarget	1	65864
257.40625	1.0	NonTarget	1	65896
257.53125	1.0	NonTarget	1	65928
257.65625	1.0	NonTarget	1	65960
257.78125	1.0	NonTarget	1	65992
257.90625	1.0	NonTarget	1	66024
258.03125	1.0	NonTarget	1	66056
258.15625	1.0	NonTarget	1	66088
258.28125	1.0	NonTarget	1	66120
258.40625	1.0	NonTarget	1	66152
258.53125	1.0	NonTarget	1	66184
258.65625	1.0	NonTarget	1	66216
258.78125	1.0	NonTarget	1	66248
258.90625	1.0	NonTarget	1	66280
259.03125	1.0	NonTarget	1	66312
259.15625	1.0	NonTarget	1	66344
259.28125	1.0	NonTarget	1	66376
259.40625	1.0	NonTarget	1	66408
259.53125	1.0	NonTarget	1	66440
259.65625	1.0	NonTarget	1	66472
259.78125	1.0	NonTarget	1	66504
259.90625	1.0	NonTarget	1	66536
260.03125	1.0	NonTarget	1	66568
260.15625	1.0	NonTarget	1	66600
260.28125	1.0	NonTarget	1	66632
260.40625	1.0	NonTarget	1	66664
260.53125	1.0	NonTarget	1	66696
260.65625	1.0	NonTarget	1	66728
260.78125	1.0	NonTarget	1	66760
260.90625	1.0	NonTarget	1	66792
261.03125	1.0	NonTarget	1	66824
261.15625	1.0	NonTarget	1	66856
261.28125	1.0	NonTarget	1	66888
261.40625	1.0	NonTarget	1	66920
261.53125	1.0	NonTarget	1	66952
261.65625	1.0	NonTarget	1	66984
261.78125	1.0	NonTarget	1	67016
261.90625	1.0	NonTarget	1	67048
262.03125	1.0	NonTarget	1	67080
262.15625	1.0	NonTarget	1	67112
262.28125	1.0	NonTarget	1	67144
262.40625	1.0	NonTarget	1	67176
268.53125	1.0	NonTarget	1	68744
268.65625	1.0	NonTarget	1	68776
268.78125	1.0	NonTarget	1	68808
268.90625	1.0	NonTarget	1	68840
269.03125	1.0	NonTarget	1	68872
269.15625	1.0	NonTarget	1	68904
269.28125	1.0	NonTarget	1	68936
269.40625	1.0	NonTarget	1	68968
269.53125	1.0	NonTarget	1	69000
269.65625	1.0	NonTarget	1	69032
269.78125	1.0	NonTarget	1	69064
269.90625	1.0	NonTarget	1	69096
270.03125	1.0	NonTarget	1	69128
270.15625	1.0	NonTarget	1	69160
270.28125	1.0	NonTarget	1	69192
270.40625	1.0	NonTarget	1	69224
270.53125	1.0	NonTarget	1	69256
270.65625	1.0	NonTarget	1	69288
270.78125	1.0	NonTarget	1	69320
270.90625	1.0	NonTarget	1	69352
271.03125	1.0	NonTarget	1	69384
271.15625	1.0	NonTarget	1	69416
271.28125	1.0	NonTarget	1	69448
271.40625	1.0	NonTarget	1	69480
271.53125	1.0	NonTarget	1	69512
271.65625	1.0	NonTarget	1	69544
271.78125	1.0	NonTarget	1	69576
271.90625	1.0	NonTarget	1	69608
272.03125	1.0	NonTarget	1	69640
272.15625	1.0	NonTarget	1	69672
272.28125	1.0	NonTarget	1	69704
272.40625	1.0	NonTarget	1	69736
272.53125	1.0	NonTarget	1	69768
272.65625	1.0	NonTarget	1	69800
272.78125	1.0	NonTarget	1	69832
272.90625	1.0	NonTarget	1	69864
273.03125	1.0	NonTarget	1	69896
273.15625	1.0	NonTarget	1	69928
273.28125	1.0	NonTarget	1	69960
273.40625	1.0	NonTarget	1	69992
273.53125	1.0	NonTarget	1	70024
273.65625	1.0	NonTarget	1	70056
273.78125	1.0	NonTarget	1	70088
273.90625	1.0	NonTarget	1	70120
274.03125	1.0	NonTarget	1	70152
274.15625	1.0	NonTarget	1	70184
274.28125	1.0	NonTarget	1	70216
274.40625	1.0	NonTarget	1	70248
280.53125	1.0	NonTarget	1	71816
280.65625	1.0	NonTarget	1	71848
280.78125	1.0	NonTarget	1	71880
280.90625	1.0	NonTarget	1	71912
281.03125	1.0	NonTarget	1	71944
281.15625	1.0	NonTarget	1	71976
281.28125	1.0	NonTarget	1	72008
281.40625	1.0	NonTarget	1	72040
281.53125	1.0	NonTarget	1	72072
281.65625	1.0	NonTarget	1	72104
281.78125	1.0	NonTarget	1	72136
281.90625	1.0	NonTarget	1	72168
282.03125	1.0	NonTarget	1	72200
282.15625	1.0	NonTarget	1	72232
282.28125	1.0	NonTarget	1	72264
282.40625	1.0	NonTarget	1	72296
282.53125	1.0	NonTarget	1	72328
282.65625	1.0	NonTarget	1	72360
282.78125	1.0	NonTarget	1	72392
282.90625	1.0	NonTarget	1	72424
283.03125	1.0	NonTarget	1	72456
283.15625	1.0	NonTarget	1	72488
283.28125	1.0	NonTarget	1	72520
283.40625	1.0	NonTarget	1	72552
283.53125	1.0	NonTarget	1	72584
283.65625	1.0	NonTarget	1	72616
283.78125	1.0	NonTarget	1	72648
283.90625	1.0	NonTarget	1	72680
284.03125	1.0	NonTarget	1	72712
284.15625	1.0	NonTarget	1	72744
284.28125	1.0	NonTarget	1	72776
284.40625	1.0	NonTarget	1	72808
284.53125	1.0	NonTarget	1	72840
284.65625	1.0	NonTarget	1	72872
284.78125	1.0	NonTarget	1	72904
284.90625	1.0	NonTarget	1	72936
285.03125	1.0	NonTarget	1	72968
285.15625	1.0	NonTarget	1	73000
285.28125	1.0	NonTarget	1	73032
285.40625	1.0	NonTarget	1	73064
285.53125	1.0	NonTarget	1	73096
285.65625	1.0	NonTarget	1	73128
285.78125	1.0	NonTarget	1	73160
285.90625	1.0	NonTarget	1	73192
286.03125	1.0	NonTarget	1	73224
286.15625	1.0	NonTarget	1	73256
286.28125	1.0	NonTarget	1	73288
286.40625	1.0	NonTarget	1	73320
292.53125	1.0	NonTarget	1	74888
292.65625	1.0	NonTarget	1	74920
292.78125	1.0	NonTarget	1	74952
292.90625	1.0	NonTarget	1	74984
293.03125	1.0	NonTarget	1	75016
293.15625	1.0	NonTarget	1	75048
293.28125	1.0	NonTarget	1	75080
293.40625	1.0	NonTarget	1	75112
293.53125	1.0	NonTarget	1	75144
293.65625	1.0	NonTarget	1	75176
293.78125	1.0	NonTarget	1	75208
293.90625	1.0	NonTarget	1	75240
294.03125	1.0	NonTarget	1	75272
294.15625	1.0	NonTarget	1	75304
294.28125	1.0	NonTarget	1	75336
294.40625	1.0	NonTarget	1	75368
294.53125	1.0	NonTarget	1	75400
294.65625	1.0	NonTarget	1	75432
294.78125	1.0	NonTarget	1	75464
294.90625	1.0	NonTarget	1	75496
295.03125	1.0	NonTarget	1	75528
295.15625	1.0	NonTarget	1	75560
295.28125	1.0	NonTarget	1	75592
295.40625	1.0	NonTarget	1	75624
295.53125	1.0	NonTarget	1	75656
295.65625	1.0	NonTarget	1	75688
295.78125	1.0	NonTarget	1	75720
295.90625	1.0	NonTarget	1	75752
296.03125	1.0	NonTarget	1	75784
296.15625	1.0	NonTarget	1	75816
296.28125	1.0	NonTarget	1	75848
296.40625	1.0	NonTarget	1	75880
296.53125	1.0	NonTarget	1	75912
296.65625	1.0	NonTarget	1	75944
296.78125	1.0	NonTarget	1	75976
296.90625	1.0	NonTarget	1	76008
297.03125	1.0	NonTarget	1	76040
297.15625	1.0	NonTarget	1	76072
297.28125	1.0	NonTarget	1	76104
297.40625	1.0	NonTarget	1	76136
297.53125	1.0	NonTarget	1	76168
297.65625	1.0	NonTarget	1	76200
297.78125	1.0	NonTarget	1	76232
297.90625	1.0	NonTarget	1	76264
298.03125	1.0	NonTarget	1	76296
298.15625	1.0	NonTarget	1	76328
298.28125	1.0	NonTarget	1	76360
298.40625	1.0	NonTarget	1	76392
304.53125	1.0	NonTarget	1	77960
304.65625	1.0	NonTarget	1	77992
304.78125	1.0	NonTarget	1	78024
304.90625	1.0	NonTarget	1	78056
305.03125	1.0	NonTarget	1	78088
305.15625	1.0	NonTarget	1	78120
305.28125	1.0	NonTarget	1	78152
305.40625	1.0	NonTarget	1	78184
305.53125	1.0	NonTarget	1	78216
305.65625	1.0	NonTarget	1	78248
305.78125	1.0	NonTarget	1	78280
305.90625	1.0	NonTarget	1	78312
306.03125	1.0	NonTarget	1	78344
306.15625	1.0	NonTarget	1	78376
306.28125	1.0	NonTarget	1	78408
306.40625	1.0	NonTarget	1	78440
306.53125	1.0	NonTarget	1	78472
306.65625	1.0	NonTarget	1	78504
306.78125	1.0	NonTarget	1	78536
306.90625	1.0	NonTarget	1	78568
307.03125	1.0	NonTarget	1	78600
307.15625	1.0	NonTarget	1	78632
307.28125	1.0	NonTarget	1	78664
307.40625	1.0	NonTarget	1	78696
307.53125	1.0	NonTarget	1	78728
307.65625	1.0	NonTarget	1	78760
307.78125	1.0	NonTarget	1	78792
307.90625	1.0	NonTarget	1	78824
308.03125	1.0	NonTarget	1	78856
308.15625	1.0	NonTarget	1	78888
308.28125	1.0	NonTarget	1	78920
308.40625	1.0	NonTarget	1	78952
308.53125	1.0	NonTarget	1	78984
308.65625	1.0	NonTarget	1	79016
308.78125	1.0	NonTarget	1	79048
308.90625	1.0	NonTarget	1	79080
309.03125	1.0	NonTarget	1	79112
309.15625	1.0	NonTarget	1	79144
309.28125	1.0	NonTarget	1	79176
309.40625	1.0	NonTarget	1	79208
309.53125	1.0	NonTarget	1	79240
309.65625	1.0	NonTarget	1	79272
309.78125	1.0	NonTarget	1	79304
309.90625	1.0	NonTarget	1	79336
310.03125	1.0	NonTarget	1	79368
310.15625	1.0	NonTarget	1	79400
310.28125	1.0	NonTarget	1	79432
310.40625	1.0	NonTarget	1	79464
316.53125	1.0	NonTarget	1	81032
316.65625	1.0	NonTarget	1	81064
316.78125	1.0	NonTarget	1	81096
316.90625	1.0	NonTarget	1	81128
317.03125	1.0	NonTarget	1	81160
317.15625	1.0	NonTarget	1	81192
317.28125	1.0	NonTarget	1	81224
317.40625	1.0	NonTarget	1	81256
317.53125	1.0	NonTarget	1	81288
317.65625	1.0	NonTarget	1	81320
317.78125	1.0	NonTarget	1	81352
317.90625	1.0	NonTarget	1	81384
318.03125	1.0	NonTarget	1	81416
318.15625	1.0	NonTarget	1	81448
318.28125	1.0	NonTarget	1	81480
318.40625	1.0	NonTarget	1	81512
318.53125	1.0	NonTarget	1	81544
318.65625	1.0	NonTarget	1	81576
318.78125	1.0	NonTarget	1	81608
318.90625	1.0	NonTarget	1	81640
319.03125	1.0	NonTarget	1	81672
319.15625	1.0	NonTarget	1	81704
319.28125	1.0	NonTarget	1	81736
319.40625	1.0	NonTarget	1	81768
319.53125	1.0	NonTarget	1	81800
319.65625	1.0	NonTarget	1	81832
319.78125	1.0	NonTarget	1	81864
319.90625	1.0	NonTarget	1	81896
320.03125	1.0	NonTarget	1	81928
320.15625	1.0	NonTarget	1	81960
320.28125	1.0	NonTarget	1	81992
320.40625	1.0	NonTarget	1	82024
320.53125	1.0	NonTarget	1	82056
320.65625	1.0	NonTarget	1	82088
320.78125	1.0	NonTarget	1	82120
320.90625	1.0	NonTarget	1	82152
321.03125	1.0	NonTarget	1	82184
321.15625	1.0	NonTarget	1	82216
321.28125	1.0	NonTarget	1	82248
321.40625	1.0	NonTarget	1	82280
321.53125	1.0	NonTarget	1	82312
321.65625	1.0	NonTarget	1	82344
321.78125	1.0	NonTarget	1	82376
321.90625	1.0	NonTarget	1	82408
322.03125	1.0	NonTarget	1	82440
322.15625	1.0	NonTarget	1	82472
322.28125	1.0	NonTarget	1	82504
322.40625	1.0	NonTarget	1	82536
328.53125	1.0	NonTarget	1	84104
328.65625	1.0	NonTarget	1	84136
328.78125	1.0	NonTarget	1	84168
328.90625	1.0	NonTarget	1	84200
329.03125	1.0	NonTarget	1	84232
329.15625	1.0	NonTarget	1	84264
329.28125	1.0	NonTarget	1	84296
329.40625	1.0	NonTarget	1	84328
329.53125	1.0	NonTarget	1	84360
329.65625	1.0	NonTarget	1	84392
329.78125	1.0	NonTarget	1	84424
329.90625	1.0	NonTarget	1	84456
330.03125	1.0	NonTarget	1	84488
330.15625	1.0	NonTarget	1	84520
330.28125	1.0	NonTarget	1	84552
330.40625	1.0	NonTarget	1	84584
330.53125	1.0	NonTarget	1	84616
330.65625	1.0	NonTarget	1	84648
330.78125	1.0	NonTarget	1	84680
330.90625	1.0	NonTarget	1	84712
331.03125	1.0	NonTarget	1	84744
331.15625	1.0	NonTarget	1	84776
331.28125	1.0	NonTarget	1	84808
331.40625	1.0	NonTarget	1	84840
331.53125	1.0	NonTarget	1	84872
331.65625	1.0	NonTarget	1	84904
331.78125	1.0	NonTarget	1	84936
331.90625	1.0	NonTarget	1	84968
332.03125	1.0	NonTarget	1	85000
332.15625	1.0	NonTarget	1	85032
332.28125	1.0	NonTarget	1	85064
332.40625	1.0	NonTarget	1	85096
332.53125	1.0	NonTarget	1	85128
332.65625	1.0	NonTarget	1	85160
332.78125	1.0	NonTarget	1	85192
332.90625	1.0	NonTarget	1	85224
333.03125	1.0	NonTarget	1	85256
333.15625	1.0	NonTarget	1	85288
333.28125	1.0	NonTarget	1	85320
333.40625	1.0	NonTarget	1	85352
333.53125	1.0	NonTarget	1	85384
333.65625	1.0	NonTarget	1	85416
333.78125	1.0	NonTarget	1	85448
333.90625	1.0	NonTarget	1	85480
334.03125	1.0	NonTarget	1	85512
334.15625	1.0	NonTarget	1	85544
334.28125	1.0	NonTarget	1	85576
334.40625	1.0	NonTarget	1	85608
340.53125	1.0	NonTarget	1	87176
340.65625	1.0	NonTarget	1	87208
340.78125	1.0	NonTarget	1	87240
340.90625	1.0	NonTarget	1	87272
341.03125	1.0	NonTarget	1	87304
341.15625	1.0	NonTarget	1	87336
341.28125	1.0	NonTarget	1	87368
341.40625	1.0	NonTarget	1	87400
341.53125	1.0	NonTarget	1	87432
341.65625	1.0	NonTarget	1	87464
341.78125	1.0	NonTarget	1	87496
341.90625	1.0	NonTarget	1	87528
342.03125	1.0	NonTarget	1	87560
342.15625	1.0	NonTarget	1	87592
342.28125	1.0	NonTarget	1	87624
342.40625	1.0	NonTarget	1	87656
342.53125	1.0	NonTarget	1	87688
342.65625	1.0	NonTarget	1	87720
342.78125	1.0	NonTarget	1	87752
342.90625	1.0	NonTarget	1	87784
343.03125	1.0	NonTarget	1	87816
343.15625	1.0	NonTarget	1	87848
343.28125	1.0	NonTarget	1	87880
343.40625	1.0	NonTarget	1	87912
343.53125	1.0	NonTarget	1	87944
343.65625	1.0	NonTarget	1	87976
343.78125	1.0	NonTarget	1	88008
343.90625	1.0	NonTarget	1	88040
344.03125	1.0	NonTarget	1	88072
344.15625	1.0	NonTarget	1	88104
344.28125	1.0	NonTarget	1	88136
344.40625	1.0	NonTarget	1	88168
344.53125	1.0	NonTarget	1	88200
344.65625	1.0	NonTarget	1	88232
344.78125	1.0	NonTarget	1	88264
344.90625	1.0	NonTarget	1	88296
345.03125	1.0	NonTarget	1	88328
345.15625	1.0	NonTarget	1	88360
345.28125	1.0	NonTarget	1	88392
345.40625	1.0	NonTarget	1	88424
345.53125	1.0	NonTarget	1	88456
345.65625	1.0	NonTarget	1	88488
345.78125	1.0	NonTarget	1	88520
345.90625	1.0	NonTarget	1	88552
346.03125	1.0	NonTarget	1	88584
346.15625	1.0	NonTarget	1	88616
346.28125	1.0	NonTarget	1	88648
346.40625	1.0	NonTarget	1	88680
352.53125	1.0	NonTarget	1	90248
352.65625	1.0	NonTarget	1	90280
352.78125	1.0	NonTarget	1	90312
352.90625	1.0	NonTarget	1	90344
353.03125	1.0	NonTarget	1	90376
353.15625	1.0	NonTarget	1	90408
353.28125	1.0	NonTarget	1	90440
353.40625	1.0	NonTarget	1	90472
353.53125	1.0	NonTarget	1	90504
353.65625	1.0	NonTarget	1	90536
353.78125	1.0	NonTarget	1	90568
353.90625	1.0	NonTarget	1	90600
354.03125	1.0	NonTarget	1	90632
354.15625	1.0	NonTarget	1	90664
354.28125	1.0	NonTarget	1	90696
354.40625	1.0	NonTarget	1	90728
354.53125	1.0	NonTarget	1	90760
354.65625	1.0	NonTarget	1	90792
354.78125	1.0	NonTarget	1	90824
354.90625	1.0	NonTarget	1	90856
355.03125	1.0	NonTarget	1	90888
355.15625	1.0	NonTarget	1	90920
355.28125	1.0	NonTarget	1	90952
355.40625	1.0	NonTarget	1	90984
355.53125	1.0	NonTarget	1	91016
355.65625	1.0	NonTarget	1	91048
355.78125	1.0	NonTarget	1	91080
355.90625	1.0	NonTarget	1	91112
356.03125	1.0	NonTarget	1	91144
356.15625	1.0	NonTarget	1	91176
356.28125	1.0	NonTarget	1	91208
356.40625	1.0	NonTarget	1	91240
356.53125	1.0	NonTarget	1	91272
356.65625	1.0	NonTarget	1	91304
356.78125	1.0	NonTarget	1	91336
356.90625	1.0	NonTarget	1	91368
357.03125	1.0	NonTarget	1	91400
357.15625	1.0	NonTarget	1	91432
357.28125	1.0	NonTarget	1	91464
357.40625	1.0	NonTarget	1	91496
357.53125	1.0	NonTarget	1	91528
357.65625	1.0	NonTarget	1	91560
357.78125	1.0	NonTarget	1	91592
357.90625	1.0	NonTarget	1	91624
358.03125	1.0	NonTarget	1	91656
358.15625	1.0	NonTarget	1	91688
358.28125	1.0	NonTarget	1	91720
358.40625	1.0	NonTarget	1	91752
364.53125	1.0	NonTarget	1	93320
364.65625	1.0	NonTarget	1	93352
364.78125	1.0	NonTarget	1	93384
364.90625	1.0	NonTarget	1	93416
365.03125	1.0	NonTarget	1	93448
365.15625	1.0	NonTarget	1	93480
365.28125	1.0	NonTarget	1	93512
365.40625	1.0	NonTarget	1	93544
365.53125	1.0	NonTarget	1	93576
365.65625	1.0	NonTarget	1	93608
365.78125	1.0	NonTarget	1	93640
365.90625	1.0	NonTarget	1	93672
366.03125	1.0	NonTarget	1	93704
366.15625	1.0	NonTarget	1	93736
366.28125	1.0	NonTarget	1	93768
366.40625	1.0	NonTarget	1	93800
366.53125	1.0	NonTarget	1	93832
366.65625	1.0	NonTarget	1	93864
366.78125	1.0	NonTarget	1	93896
366.90625	1.0	NonTarget	1	93928
367.03125	1.0	NonTarget	1	93960
367.15625	1.0	NonTarget	1	93992
367.28125	1.0	NonTarget	1	94024
367.40625	1.0	NonTarget	1	94056
367.53125	1.0	NonTarget	1	94088
367.65625	1.0	NonTarget	1	94120
367.78125	1.0	NonTarget	1	94152
367.90625	1.0	NonTarget	1	94184
368.03125	1.0	NonTarget	1	94216
368.15625	1.0	NonTarget	1	94248
368.28125	1.0	NonTarget	1	94280
368.40625	1.0	NonTarget	1	94312
368.53125	1.0	NonTarget	1	94344
368.65625	1.0	NonTarget	1	94376
368.78125	1.0	NonTarget	1	94408
368.90625	1.0	NonTarget	1	94440
369.03125	1.0	NonTarget	1	94472
369.15625	1.0	NonTarget	1	94504
369.28125	1.0	NonTarget	1	94536
369.40625	1.0	NonTarget	1	94568
369.53125	1.0	NonTarget	1	94600
369.65625	1.0	NonTarget	1	94632
369.78125	1.0	NonTarget	1	94664
369.90625	1.0	NonTarget	1	94696
370.03125	1.0	NonTarget	1	94728
370.15625	1.0	NonTarget	1	94760
370.28125	1.0	NonTarget	1	94792
370.40625	1.0	NonTarget	1	94824
376.53125	1.0	NonTarget	1	96392
376.65625	1.0	NonTarget	1	96424
376.78125	1.0	NonTarget	1	96456
376.90625	1.0	NonTarget	1	96488
377.03125	1.0	NonTarget	1	96520
377.15625	1.0	NonTarget	1	96552
377.28125	1.0	NonTarget	1	96584
377.40625	1.0	NonTarget	1	96616
377.53125	1.0	NonTarget	1	96648
377.65625	1.0	NonTarget	1	96680
377.78125	1.0	NonTarget	1	96712
377.90625	1.0	NonTarget	1	96744
378.03125	1.0	NonTarget	1	96776
378.15625	1.0	NonTarget	1	96808
378.28125	1.0	NonTarget	1	96840
378.40625	1.0	NonTarget	1	96872
378.53125	1.0	NonTarget	1	96904
378.65625	1.0	NonTarget	1	96936
378.78125	1.0	NonTarget	1	96968
378.90625	1.0	NonTarget	1	97000
379.03125	1.0	NonTarget	1	97032
379.15625	1.0	NonTarget	1	97064
379.28125	1.0	NonTarget	1	97096
379.40625	1.0	NonTarget	1	97128
379.53125	1.0	NonTarget	1	97160
379.65625	1.0	NonTarget	1	97192
379.78125	1.0	NonTarget	1	97224
379.90625	1.0	NonTarget	1	97256
380.03125	1.0	NonTarget	1	97288
380.15625	1.0	NonTarget	1	97320
380.28125	1.0	NonTarget	1	97352
380.40625	1.0	NonTarget	1	97384
380.53125	1.0	NonTarget	1	97416
380.65625	1.0	NonTarget	1	97448
380.78125	1.0	NonTarget	1	97480
380.90625	1.0	NonTarget	1	97512
381.03125	1.0	NonTarget	1	97544
381.15625	1.0	NonTarget	1	97576
381.28125	1.0	NonTarget	1	97608
381.40625	1.0	NonTarget	1	97640
381.53125	1.0	NonTarget	1	97672
381.65625	1.0	NonTarget	1	97704
381.78125	1.0	NonTarget	1	97736
381.90625	1.0	NonTarget	1	97768
382.03125	1.0	NonTarget	1	97800
382.15625	1.0	NonTarget	1	97832
382.28125	1.0	NonTarget	1	97864
382.40625	1.0	NonTarget	1	97896
388.53125	1.0	NonTarget	1	99464
388.65625	1.0	NonTarget	1	99496
388.78125	1.0	NonTarget	1	99528
388.90625	1.0	NonTarget	1	99560
389.03125	1.0	NonTarget	1	99592
389.15625	1.0	NonTarget	1	99624
389.28125	1.0	NonTarget	1	99656
389.40625	1.0	NonTarget	1	99688
389.53125	1.0	NonTarget	1	99720
389.65625	1.0	NonTarget	1	99752
389.78125	1.0	NonTarget	1	99784
389.90625	1.0	NonTarget	1	99816
390.03125	1.0	NonTarget	1	99848
390.15625	1.0	NonTarget	1	99880
390.28125	1.0	NonTarget	1	99912
390.40625	1.0	NonTarget	1	99944
390.53125	1.0	NonTarget	1	99976
390.65625	1.0	NonTarget	1	100008
390.78125	1.0	NonTarget	1	100040
390.90625	1.0	NonTarget	1	100072
391.03125	1.0	NonTarget	1	100104
391.15625	1.0	NonTarget	1	100136
391.28125	1.0	NonTarget	1	100168
391.40625	1.0	NonTarget	1	100200
391.53125	1.0	NonTarget	1	100232
391.65625	1.0	NonTarget	1	100264
391.78125	1.0	NonTarget	1	100296
391.90625	1.0	NonTarget	1	100328
392.03125	1.0	NonTarget	1	100360
392.15625	1.0	NonTarget	1	100392
392.28125	1.0	NonTarget	1	100424
392.40625	1.0	NonTarget	1	100456
392.53125	1.0	NonTarget	1	100488
392.65625	1.0	NonTarget	1	100520
392.78125	1.0	NonTarget	1	100552
392.90625	1.0	NonTarget	1	100584
393.03125	1.0	NonTarget	1	100616
393.15625	1.0	NonTarget	1	100648
393.28125	1.0	NonTarget	1	100680
393.40625	1.0	NonTarget	1	100712
393.53125	1.0	NonTarget	1	100744
393.65625	1.0	NonTarget	1	100776
393.78125	1.0	NonTarget	1	100808
393.90625	1.0	NonTarget	1	100840
394.03125	1.0	NonTarget	1	100872
394.15625	1.0	NonTarget	1	100904
394.28125	1.0	NonTarget	1	100936
394.40625	1.0	NonTarget	1	100968
400.53125	1.0	NonTarget	1	102536
400.65625	1.0	NonTarget	1	102568
400.78125	1.0	NonTarget	1	102600
400.90625	1.0	NonTarget	1	102632
401.03125	1.0	NonTarget	1	102664
401.15625	1.0	NonTarget	1	102696
401.28125	1.0	NonTarget	1	102728
401.40625	1.0	NonTarget	1	102760
401.53125	1.0	NonTarget	1	102792
401.65625	1.0	NonTarget	1	102824
401.78125	1.0	NonTarget	1	102856
401.90625	1.0	NonTarget	1	102888
402.03125	1.0	NonTarget	1	102920
402.15625	1.0	NonTarget	1	102952
402.28125	1.0	NonTarget	1	102984
402.40625	1.0	NonTarget	1	103016
402.53125	1.0	NonTarget	1	103048
402.65625	1.0	NonTarget	1	103080
402.78125	1.0	NonTarget	1	103112
402.90625	1.0	NonTarget	1	103144
403.03125	1.0	NonTarget	1	103176
403.15625	1.0	NonTarget	1	103208
403.28125	1.0	NonTarget	1	103240
403.40625	1.0	NonTarget	1	103272
403.53125	1.0	NonTarget	1	103304
403.65625	1.0	NonTarget	1	103336
403.78125	1.0	NonTarget	1	103368
403.90625	1.0	NonTarget	1	103400
404.03125	1.0	NonTarget	1	103432
404.15625	1.0	NonTarget	1	103464
404.28125	1.0	NonTarget	1	103496
404.40625	1.0	NonTarget	1	103528
404.53125	1.0	NonTarget	1	103560
404.65625	1.0	NonTarget	1	103592
404.78125	1.0	NonTarget	1	103624
404.90625	1.0	NonTarget	1	103656
405.03125	1.0	NonTarget	1	103688
405.15625	1.0	NonTarget	1	103720
405.28125	1.0	NonTarget	1	103752
405.40625	1.0	NonTarget	1	103784
405.53125	1.0	NonTarget	1	103816
405.65625	1.0	NonTarget	1	103848
405.78125	1.0	NonTarget	1	103880
405.90625	1.0	NonTarget	1	103912
406.03125	1.0	NonTarget	1	103944
406.15625	1.0	NonTarget	1	103976
406.28125	1.0	NonTarget	1	104008
406.40625	1.0	NonTarget	1	104040
412.53125	1.0	NonTarget	1	105608
412.65625	1.0	NonTarget	1	105640
412.78125	1.0	NonTarget	1	105672
412.90625	1.0	NonTarget	1	105704
413.03125	1.0	NonTarget	1	105736
413.15625	1.0	NonTarget	1	105768
413.28125	1.0	NonTarget	1	105800
413.40625	1.0	NonTarget	1	105832
413.53125	1.0	NonTarget	1	105864
413.65625	1.0	NonTarget	1	105896
413.78125	1.0	NonTarget	1	105928
413.90625	1.0	NonTarget	1	105960
414.03125	1.0	NonTarget	1	105992
414.15625	1.0	NonTarget	1	106024
414.28125	1.0	NonTarget	1	106056
414.40625	1.0	NonTarget	1	106088
414.53125	1.0	NonTarget	1	106120
414.65625	1.0	NonTarget	1	106152
414.78125	1.0	NonTarget	1	106184
414.90625	1.0	NonTarget	1	106216
415.03125	1.0	NonTarget	1	106248
415.15625	1.0	NonTarget	1	106280
415.28125	1.0	NonTarget	1	106312
415.40625	1.0	NonTarget	1	106344
415.53125	1.0	NonTarget	1	106376
415.65625	1.0	NonTarget	1	106408
415.78125	1.0	NonTarget	1	106440
415.90625	1.0	NonTarget	1	106472
416.03125	1.0	NonTarget	1	106504
416.15625	1.0	NonTarget	1	106536
416.28125	1.0	NonTarget	1	106568
416.40625	1.0	NonTarget	1	106600
416.53125	1.0	NonTarget	1	106632
416.65625	1.0	NonTarget	1	106664
416.78125	1.0	NonTarget	1	106696
416.90625	1.0	NonTarget	1	106728
417.03125	1.0	NonTarget	1	106760
417.15625	1.0	NonTarget	1	106792
417.28125	1.0	NonTarget	1	106824
417.40625	1.0	NonTarget	1	106856
417.53125	1.0	NonTarget	1	106888
417.65625	1.0	NonTarget	1	106920
417.78125	1.0	NonTarget	1	106952
417.90625	1.0	NonTarget	1	106984
418.03125	1.0	NonTarget	1	107016
418.15625	1.0	NonTarget	1	107048
418.28125	1.0	NonTarget	1	107080
418.40625	1.0	NonTarget	1	107112
424.53125	1.0	NonTarget	1	108680
424.65625	1.0	NonTarget	1	108712
424.78125	1.0	NonTarget	1	108744
424.90625	1.0	NonTarget	1	108776
425.03125	1.0	NonTarget	1	108808
425.15625	1.0	NonTarget	1	108840
425.28125	1.0	NonTarget	1	108872
425.40625	1.0	NonTarget	1	108904
425.53125	1.0	NonTarget	1	108936
425.65625	1.0	NonTarget	1	108968
425.78125	1.0	NonTarget	1	109000
425.90625	1.0	NonTarget	1	109032
426.03125	1.0	NonTarget	1	109064
426.15625	1.0	NonTarget	1	109096
426.28125	1.0	NonTarget	1	109128
426.40625	1.0	NonTarget	1	109160
426.53125	1.0	NonTarget	1	109192
426.65625	1.0	NonTarget	1	109224
426.78125	1.0	NonTarget	1	109256
426.90625	1.0	NonTarget	1	109288
427.03125	1.0	NonTarget	1	109320
427.15625	1.0	NonTarget	1	109352
427.28125	1.0	NonTarget	1	109384
427.40625	1.0	NonTarget	1	109416
427.53125	1.0	NonTarget	1	109448
427.65625	1.0	NonTarget	1	109480
427.78125	1.0	NonTarget	1	109512
427.90625	1.0	NonTarget	1	109544
428.03125	1.0	NonTarget	1	109576
428.15625	1.0	NonTarget	1	109608
428.28125	1.0	NonTarget	1	109640
428.40625	1.0	NonTarget	1	109672
428.53125	1.0	NonTarget	1	109704
428.65625	1.0	NonTarget	1	109736
428.78125	1.0	NonTarget	1	109768
428.90625	1.0	NonTarget	1	109800
429.03125	1.0	NonTarget	1	109832
429.15625	1.0	NonTarget	1	109864
429.28125	1.0	NonTarget	1	109896
429.40625	1.0	NonTarget	1	109928
429.53125	1.0	NonTarget	1	109960
429.65625	1.0	NonTarget	1	109992
429.78125	1.0	NonTarget	1	110024
429.90625	1.0	NonTarget	1	110056
430.03125	1.0	NonTarget	1	110088
430.15625	1.0	NonTarget	1	110120
430.28125	1.0	NonTarget	1	110152
430.40625	1.0	NonTarget	1	110184
436.53125	1.0	NonTarget	1	111752
436.65625	1.0	NonTarget	1	111784
436.78125	1.0	NonTarget	1	111816
436.90625	1.0	NonTarget	1	111848
437.03125	1.0	NonTarget	1	111880
437.15625	1.0	NonTarget	1	111912
437.28125	1.0	NonTarget	1	111944
437.40625	1.0	NonTarget	1	111976
437.53125	1.0	NonTarget	1	112008
437.65625	1.0	NonTarget	1	112040
437.78125	1.0	NonTarget	1	112072
437.90625	1.0	NonTarget	1	112104
438.03125	1.0	NonTarget	1	112136
438.15625	1.0	NonTarget	1	112168
438.28125	1.0	NonTarget	1	112200
438.40625	1.0	NonTarget	1	112232
438.53125	1.0	NonTarget	1	112264
438.65625	1.0	NonTarget	1	112296
438.78125	1.0	NonTarget	1	112328
438.90625	1.0	NonTarget	1	112360
439.03125	1.0	NonTarget	1	112392
439.15625	1.0	NonTarget	1	112424
439.28125	1.0	NonTarget	1	112456
439.40625	1.0	NonTarget	1	112488
439.53125	1.0	NonTarget	1	112520
439.65625	1.0	NonTarget	1	112552
439.78125	1.0	NonTarget	1	112584
439.90625	1.0	NonTarget	1	112616
440.03125	1.0	NonTarget	1	112648
440.15625	1.0	NonTarget	1	112680
440.28125	1.0	NonTarget	1	112712
440.40625	1.0	NonTarget	1	112744
440.53125	1.0	NonTarget	1	112776
440.65625	1.0	NonTarget	1	112808
440.78125	1.0	NonTarget	1	112840
440.90625	1.0	NonTarget	1	112872
441.03125	1.0	NonTarget	1	112904
441.15625	1.0	NonTarget	1	112936
441.28125	1.0	NonTarget	1	112968
441.40625	1.0	NonTarget	1	113000
441.53125	1.0	NonTarget	1	113032
441.65625	1.0	NonTarget	1	113064
441.78125	1.0	NonTarget	1	113096
441.90625	1.0	NonTarget	1	113128
442.03125	1.0	NonTarget	1	113160
442.15625	1.0	NonTarget	1	113192
442.28125	1.0	NonTarget	1	113224
442.40625	1.0	NonTarget	1	113256
448.53125	1.0	NonTarget	1	114824
448.65625	1.0	NonTarget	1	114856
448.78125	1.0	NonTarget	1	114888
448.90625	1.0	NonTarget	1	114920
449.03125	1.0	NonTarget	1	114952
449.15625	1.0	NonTarget	1	114984
449.28125	1.0	NonTarget	1	115016
449.40625	1.0	NonTarget	1	115048
449.53125	1.0	NonTarget	1	115080
449.65625	1.0	NonTarget	1	115112
449.78125	1.0	NonTarget	1	115144
449.90625	1.0	NonTarget	1	115176
450.03125	1.0	NonTarget	1	115208
450.15625	1.0	NonTarget	1	115240
450.28125	1.0	NonTarget	1	115272
450.40625	1.0	NonTarget	1	115304
450.53125	1.0	NonTarget	1	115336
450.65625	1.0	NonTarget	1	115368
450.78125	1.0	NonTarget	1	115400
450.90625	1.0	NonTarget	1	115432
451.03125	1.0	NonTarget	1	115464
451.15625	1.0	NonTarget	1	115496
451.28125	1.0	NonTarget	1	115528
451.40625	1.0	NonTarget	1	115560
451.53125	1.0	NonTarget	1	115592
451.65625	1.0	NonTarget	1	115624
451.78125	1.0	NonTarget	1	115656
451.90625	1.0	NonTarget	1	115688
452.03125	1.0	NonTarget	1	115720
452.15625	1.0	NonTarget	1	115752
452.28125	1.0	NonTarget	1	115784
452.40625	1.0	NonTarget	1	115816
452.53125	1.0	NonTarget	1	115848
452.65625	1.0	NonTarget	1	115880
452.78125	1.0	NonTarget	1	115912
452.90625	1.0	NonTarget	1	115944
453.03125	1.0	NonTarget	1	115976
453.15625	1.0	NonTarget	1	116008
453.28125	1.0	NonTarget	1	116040
453.40625	1.0	NonTarget	1	116072
453.53125	1.0	NonTarget	1	116104
453.65625	1.0	NonTarget	1	116136
453.78125	1.0	NonTarget	1	116168
453.90625	1.0	NonTarget	1	116200
454.03125	1.0	NonTarget	1	116232
454.15625	1.0	NonTarget	1	116264
454.28125	1.0	NonTarget	1	116296
454.40625	1.0	NonTarget	1	116328
460.53125	1.0	NonTarget	1	117896
460.65625	1.0	NonTarget	1	117928
460.78125	1.0	NonTarget	1	117960
460.90625	1.0	NonTarget	1	117992
461.03125	1.0	NonTarget	1	118024
461.15625	1.0	NonTarget	1	118056
461.28125	1.0	NonTarget	1	118088
461.40625	1.0	NonTarget	1	118120
461.53125	1.0	NonTarget	1	118152
461.65625	1.0	NonTarget	1	118184
461.78125	1.0	NonTarget	1	118216
461.90625	1.0	NonTarget	1	118248
462.03125	1.0	NonTarget	1	118280
462.15625	1.0	NonTarget	1	118312
462.28125	1.0	NonTarget	1	118344
462.40625	1.0	NonTarget	1	118376
462.53125	1.0	NonTarget	1	118408
462.65625	1.0	NonTarget	1	118440
462.78125	1.0	NonTarget	1	118472
462.90625	1.0	NonTarget	1	118504
463.03125	1.0	NonTarget	1	118536
463.15625	1.0	NonTarget	1	118568
463.28125	1.0	NonTarget	1	118600
463.40625	1.0	NonTarget	1	118632
463.53125	1.0	NonTarget	1	118664
463.65625	1.0	NonTarget	1	118696
463.78125	1.0	NonTarget	1	118728
463.90625	1.0	NonTarget	1	118760
464.03125	1.0	NonTarget	1	118792
464.15625	1.0	NonTarget	1	118824
464.28125	1.0	NonTarget	1	118856
464.40625	1.0	NonTarget	1	118888
464.53125	1.0	NonTarget	1	118920
464.65625	1.0	NonTarget	1	118952
464.78125	1.0	NonTarget	1	118984
464.90625	1.0	NonTarget	1	119016
465.03125	1.0	NonTarget	1	119048
465.15625	1.0	NonTarget	1	119080
465.28125	1.0	NonTarget	1	119112
465.40625	1.0	NonTarget	1	119144
465.53125	1.0	NonTarget	1	119176
465.65625	1.0	NonTarget	1	119208
465.78125	1.0	NonTarget	1	119240
465.90625	1.0	NonTarget	1	119272
466.03125	1.0	NonTarget	1	119304
466.15625	1.0	NonTarget	1	119336
466.28125	1.0	NonTarget	1	119368
466.40625	1.0	NonTarget	1	119400
472.53125	1.0	NonTarget	1	120968
472.65625	1.0	NonTarget	1	121000
472.78125	1.0	NonTarget	1	121032
472.90625	1.0	NonTarget	1	121064
473.03125	1.0	NonTarget	1	121096
473.15625	1.0	NonTarget	1	121128
473.28125	1.0	NonTarget	1	121160
473.40625	1.0	NonTarget	1	121192
473.53125	1.0	NonTarget	1	121224
473.65625	1.0	NonTarget	1	121256
473.78125	1.0	NonTarget	1	121288
473.90625	1.0	NonTarget	1	121320
474.03125	1.0	NonTarget	1	121352
474.15625	1.0	NonTarget	1	121384
474.28125	1.0	NonTarget	1	121416
474.40625	1.0	NonTarget	1	121448
474.53125	1.0	NonTarget	1	121480
474.65625	1.0	NonTarget	1	121512
474.78125	1.0	NonTarget	1	121544
474.90625	1.0	NonTarget	1	121576
475.03125	1.0	NonTarget	1	121608
475.15625	1.0	NonTarget	1	121640
475.28125	1.0	NonTarget	1	121672
475.40625	1.0	NonTarget	1	121704
475.53125	1.0	NonTarget	1	121736
475.65625	1.0	NonTarget	1	121768
475.78125	1.0	NonTarget	1	121800
475.90625	1.0	NonTarget	1	121832
476.03125	1.0	NonTarget	1	121864
476.15625	1.0	NonTarget	1	121896
476.28125	1.0	NonTarget	1	121928
476.40625	1.0	NonTarget	1	121960
476.53125	1.0	NonTarget	1	121992
476.65625	1.0	NonTarget	1	122024
476.78125	1.0	NonTarget	1	122056
476.90625	1.0	NonTarget	1	122088
477.03125	1.0	NonTarget	1	122120
477.15625	1.0	NonTarget	1	122152
477.28125	1.0	NonTarget	1	122184
477.40625	1.0	NonTarget	1	122216
477.53125	1.0	NonTarget	1	122248
477.65625	1.0	NonTarget	1	122280
477.78125	1.0	NonTarget	1	122312
477.90625	1.0	NonTarget	1	122344
478.03125	1.0	NonTarget	1	122376
478.15625	1.0	NonTarget	1	122408
478.28125	1.0	NonTarget	1	122440
478.40625	1.0	NonTarget	1	122472
484.53125	1.0	NonTarget	1	124040
484.65625	1.0	NonTarget	1	124072
484.78125	1.0	NonTarget	1	124104
484.90625	1.0	NonTarget	1	124136
485.03125	1.0	NonTarget	1	124168
485.15625	1.0	NonTarget	1	124200
485.28125	1.0	NonTarget	1	124232
485.40625	1.0	NonTarget	1	124264
485.53125	1.0	NonTarget	1	124296
485.65625	1.0	NonTarget	1	124328
485.78125	1.0	NonTarget	1	124360
485.90625	1.0	NonTarget	1	124392
486.03125	1.0	NonTarget	1	124424
486.15625	1.0	NonTarget	1	124456
486.28125	1.0	NonTarget	1	124488
486.40625	1.0	NonTarget	1	124520
486.53125	1.0	NonTarget	1	124552
486.65625	1.0	NonTarget	1	124584
486.78125	1.0	NonTarget	1	124616
486.90625	1.0	NonTarget	1	124648
487.03125	1.0	NonTarget	1	124680
487.15625	1.0	NonTarget	1	124712
487.28125	1.0	NonTarget	1	124744
487.40625	1.0	NonTarget	1	124776
487.53125	1.0	NonTarget	1	124808
487.65625	1.0	NonTarget	1	124840
487.78125	1.0	NonTarget	1	124872
487.90625	1.0	NonTarget	1	124904
488.03125	1.0	NonTarget	1	124936
488.15625	1.0	NonTarget	1	124968
488.28125	1.0	NonTarget	1	125000
488.40625	1.0	NonTarget	1	125032
488.53125	1.0	NonTarget	1	125064
488.65625	1.0	NonTarget	1	125096
488.78125	1.0	NonTarget	1	125128
488.90625	1.0	NonTarget	1	125160
489.03125	1.0	NonTarget	1	125192
489.15625	1.0	NonTarget	1	125224
489.28125	1.0	NonTarget	1	125256
489.40625	1.0	NonTarget	1	125288
489.53125	1.0	NonTarget	1	125320
489.65625	1.0	NonTarget	1	125352
489.78125	1.0	NonTarget	1	125384
489.90625	1.0	NonTarget	1	125416
490.03125	1.0	NonTarget	1	125448
490.15625	1.0	NonTarget	1	125480
490.28125	1.0	NonTarget	1	125512
490.40625	1.0	NonTarget	1	125544
496.53125	1.0	NonTarget	1	127112
496.65625	1.0	NonTarget	1	127144
496.78125	1.0	NonTarget	1	127176
496.90625	1.0	NonTarget	1	127208
497.03125	1.0	NonTarget	1	127240
497.15625	1.0	NonTarget	1	127272
497.28125	1.0	NonTarget	1	127304
497.40625	1.0	NonTarget	1	127336
497.53125	1.0	NonTarget	1	127368
497.65625	1.0	NonTarget	1	127400
497.78125	1.0	NonTarget	1	127432
497.90625	1.0	NonTarget	1	127464
498.03125	1.0	NonTarget	1	127496
498.15625	1.0	NonTarget	1	127528
498.28125	1.0	NonTarget	1	127560
498.40625	1.0	NonTarget	1	127592
498.53125	1.0	NonTarget	1	127624
498.65625	1.0	NonTarget	1	127656
498.78125	1.0	NonTarget	1	127688
498.90625	1.0	NonTarget	1	127720
499.03125	1.0	NonTarget	1	127752
499.15625	1.0	NonTarget	1	127784
499.28125	1.0	NonTarget	1	127816
499.40625	1.0	NonTarget	1	127848
499.53125	1.0	NonTarget	1	127880
499.65625	1.0	NonTarget	1	127912
499.78125	1.0	NonTarget	1	127944
499.90625	1.0	NonTarget	1	127976
500.03125	1.0	NonTarget	1	128008
500.15625	1.0	NonTarget	1	128040
500.28125	1.0	NonTarget	1	128072
500.40625	1.0	NonTarget	1	128104
500.53125	1.0	NonTarget	1	128136
500.65625	1.0	NonTarget	1	128168
500.78125	1.0	NonTarget	1	128200
500.90625	1.0	NonTarget	1	128232
501.03125	1.0	NonTarget	1	128264
501.15625	1.0	NonTarget	1	128296
501.28125	1.0	NonTarget	1	128328
501.40625	1.0	NonTarget	1	128360
501.53125	1.0	NonTarget	1	128392
501.65625	1.0	NonTarget	1	128424
501.78125	1.0	NonTarget	1	128456
501.90625	1.0	NonTarget	1	128488
502.03125	1.0	NonTarget	1	128520
502.15625	1.0	NonTarget	1	128552
502.28125	1.0	NonTarget	1	128584
502.40625	1.0	NonTarget	1	128616
508.53125	1.0	NonTarget	1	130184
508.65625	1.0	NonTarget	1	130216
508.78125	1.0	NonTarget	1	130248
508.90625	1.0	NonTarget	1	130280
509.03125	1.0	NonTarget	1	130312
509.15625	1.0	NonTarget	1	130344
509.28125	1.0	NonTarget	1	130376
509.40625	1.0	NonTarget	1	130408
509.53125	1.0	NonTarget	1	130440
509.65625	1.0	NonTarget	1	130472
509.78125	1.0	NonTarget	1	130504
509.90625	1.0	NonTarget	1	130536
510.03125	1.0	NonTarget	1	130568
510.15625	1.0	NonTarget	1	130600
510.28125	1.0	NonTarget	1	130632
510.40625	1.0	NonTarget	1	130664
510.53125	1.0	NonTarget	1	130696
510.65625	1.0	NonTarget	1	130728
510.78125	1.0	NonTarget	1	130760
510.90625	1.0	NonTarget	1	130792
511.03125	1.0	NonTarget	1	130824
511.15625	1.0	NonTarget	1	130856
511.28125	1.0	NonTarget	1	130888
511.40625	1.0	NonTarget	1	130920
511.53125	1.0	NonTarget	1	130952
511.65625	1.0	NonTarget	1	130984
511.78125	1.0	NonTarget	1	131016
511.90625	1.0	NonTarget	1	131048
512.03125	1.0	NonTarget	1	131080
512.15625	1.0	NonTarget	1	131112
512.28125	1.0	NonTarget	1	131144
512.40625	1.0	NonTarget	1	131176
512.53125	1.0	NonTarget	1	131208
512.65625	1.0	NonTarget	1	131240
512.78125	1.0	NonTarget	1	131272
512.90625	1.0	NonTarget	1	131304
513.03125	1.0	NonTarget	1	131336
513.15625	1.0	NonTarget	1	131368
513.28125	1.0	NonTarget	1	131400
513.40625	1.0	NonTarget	1	131432
513.53125	1.0	NonTarget	1	131464
513.65625	1.0	NonTarget	1	131496
513.78125	1.0	NonTarget	1	131528
513.90625	1.0	NonTarget	1	131560
514.03125	1.0	NonTarget	1	131592
514.15625	1.0	NonTarget	1	131624
514.28125	1.0	NonTarget	1	131656
514.40625	1.0	NonTarget	1	131688
520.53125	1.0	NonTarget	1	133256
520.65625	1.0	NonTarget	1	133288
520.78125	1.0	NonTarget	1	133320
520.90625	1.0	NonTarget	1	133352
521.03125	1.0	NonTarget	1	133384
521.15625	1.0	NonTarget	1	133416
521.28125	1.0	NonTarget	1	133448
521.40625	1.0	NonTarget	1	133480
521.53125	1.0	NonTarget	1	133512
521.65625	1.0	NonTarget	1	133544
521.78125	1.0	NonTarget	1	133576
521.90625	1.0	NonTarget	1	133608
522.03125	1.0	NonTarget	1	133640
522.15625	1.0	NonTarget	1	133672
522.28125	1.0	NonTarget	1	133704
522.40625	1.0	NonTarget	1	133736
522.53125	1.0	NonTarget	1	133768
522.65625	1.0	NonTarget	1	133800
522.78125	1.0	NonTarget	1	133832
522.90625	1.0	NonTarget	1	133864
523.03125	1.0	NonTarget	1	133896
523.15625	1.0	NonTarget	1	133928
523.28125	1.0	NonTarget	1	133960
523.40625	1.0	NonTarget	1	133992
523.53125	1.0	NonTarget	1	134024
523.65625	1.0	NonTarget	1	134056
523.78125	1.0	NonTarget	1	134088
523.90625	1.0	NonTarget	1	134120
524.03125	1.0	NonTarget	1	134152
524.15625	1.0	NonTarget	1	134184
524.28125	1.0	NonTarget	1	134216
524.40625	1.0	NonTarget	1	134248
524.53125	1.0	NonTarget	1	134280
524.65625	1.0	NonTarget	1	134312
524.78125	1.0	NonTarget	1	134344
524.90625	1.0	NonTarget	1	134376
525.03125	1.0	NonTarget	1	134408
525.15625	1.0	NonTarget	1	134440
525.28125	1.0	NonTarget	1	134472
525.40625	1.0	NonTarget	1	134504
525.53125	1.0	NonTarget	1	134536
525.65625	1.0	NonTarget	1	134568
525.78125	1.0	NonTarget	1	134600
525.90625	1.0	NonTarget	1	134632
526.03125	1.0	NonTarget	1	134664
526.15625	1.0	NonTarget	1	134696
526.28125	1.0	NonTarget	1	134728
526.40625	1.0	NonTarget	1	134760
532.53125	1.0	NonTarget	1	136328
532.65625	1.0	NonTarget	1	136360
532.78125	1.0	NonTarget	1	136392
532.90625	1.0	NonTarget	1	136424
533.03125	1.0	NonTarget	1	136456
533.15625	1.0	NonTarget	1	136488
533.28125	1.0	NonTarget	1	136520
533.40625	1.0	NonTarget	1	136552
533.53125	1.0	NonTarget	1	136584
533.65625	1.0	NonTarget	1	136616
533.78125	1.0	NonTarget	1	136648
533.90625	1.0	NonTarget	1	136680
534.03125	1.0	NonTarget	1	136712
534.15625	1.0	NonTarget	1	136744
534.28125	1.0	NonTarget	1	136776
534.40625	1.0	NonTarget	1	136808
534.53125	1.0	NonTarget	1	136840
534.65625	1.0	NonTarget	1	136872
534.78125	1.0	NonTarget	1	136904
534.90625	1.0	NonTarget	1	136936
535.03125	1.0	NonTarget	1	136968
535.15625	1.0	NonTarget	1	137000
535.28125	1.0	NonTarget	1	137032
535.40625	1.0	NonTarget	1	137064
535.53125	1.0	NonTarget	1	137096
535.65625	1.0	NonTarget	1	137128
535.78125	1.0	NonTarget	1	137160
535.90625	1.0	NonTarget	1	137192
536.03125	1.0	NonTarget	1	137224
536.15625	1.0	NonTarget	1	137256
536.28125	1.0	NonTarget	1	137288
536.40625	1.0	NonTarget	1	137320
536.53125	1.0	NonTarget	1	137352
536.65625	1.0	NonTarget	1	137384
536.78125	1.0	NonTarget	1	137416
536.90625	1.0	NonTarget	1	137448
537.03125	1.0	NonTarget	1	137480
537.15625	1.0	NonTarget	1	137512
537.28125	1.0	NonTarget	1	137544
537.40625	1.0	NonTarget	1	137576
537.53125	1.0	NonTarget	1	137608
537.65625	1.0	NonTarget	1	137640
537.78125	1.0	NonTarget	1	137672
537.90625	1.0	NonTarget	1	137704
538.03125	1.0	NonTarget	1	137736
538.15625	1.0	NonTarget	1	137768
538.28125	1.0	NonTarget	1	137800
538.40625	1.0	NonTarget	1	137832
544.53125	1.0	NonTarget	1	139400
544.65625	1.0	NonTarget	1	139432
544.78125	1.0	NonTarget	1	139464
544.90625	1.0	NonTarget	1	139496
545.03125	1.0	NonTarget	1	139528
545.15625	1.0	NonTarget	1	139560
545.28125	1.0	NonTarget	1	139592
545.40625	1.0	NonTarget	1	139624
545.53125	1.0	NonTarget	1	139656
545.65625	1.0	NonTarget	1	139688
545.78125	1.0	NonTarget	1	139720
545.90625	1.0	NonTarget	1	139752
546.03125	1.0	NonTarget	1	139784
546.15625	1.0	NonTarget	1	139816
546.28125	1.0	NonTarget	1	139848
546.40625	1.0	NonTarget	1	139880
546.53125	1.0	NonTarget	1	139912
546.65625	1.0	NonTarget	1	139944
546.78125	1.0	NonTarget	1	139976
546.90625	1.0	NonTarget	1	140008
547.03125	1.0	NonTarget	1	140040
547.15625	1.0	NonTarget	1	140072
547.28125	1.0	NonTarget	1	140104
547.40625	1.0	NonTarget	1	140136
547.53125	1.0	NonTarget	1	140168
547.65625	1.0	NonTarget	1	140200
547.78125	1.0	NonTarget	1	140232
547.90625	1.0	NonTarget	1	140264
548.03125	1.0	NonTarget	1	140296
548.15625	1.0	NonTarget	1	140328
548.28125	1.0	NonTarget	1	140360
548.40625	1.0	NonTarget	1	140392
548.53125	1.0	NonTarget	1	140424
548.65625	1.0	NonTarget	1	140456
548.78125	1.0	NonTarget	1	140488
548.90625	1.0	NonTarget	1	140520
549.03125	1.0	NonTarget	1	140552
549.15625	1.0	NonTarget	1	140584
549.28125	1.0	NonTarget	1	140616
549.40625	1.0	NonTarget	1	140648
549.53125	1.0	NonTarget	1	140680
549.65625	1.0	NonTarget	1	140712
549.78125	1.0	NonTarget	1	140744
549.90625	1.0	NonTarget	1	140776
550.03125	1.0	NonTarget	1	140808
550.15625	1.0	NonTarget	1	140840
550.28125	1.0	NonTarget	1	140872
550.40625	1.0	NonTarget	1	140904
556.53125	1.0	NonTarget	1	142472
556.65625	1.0	NonTarget	1	142504
556.78125	1.0	NonTarget	1	142536
556.90625	1.0	NonTarget	1	142568
557.03125	1.0	NonTarget	1	142600
557.15625	1.0	NonTarget	1	142632
557.28125	1.0	NonTarget	1	142664
557.40625	1.0	NonTarget	1	142696
557.53125	1.0	NonTarget	1	142728
557.65625	1.0	NonTarget	1	142760
557.78125	1.0	NonTarget	1	142792
557.90625	1.0	NonTarget	1	142824
558.03125	1.0	NonTarget	1	142856
558.15625	1.0	NonTarget	1	142888
558.28125	1.0	NonTarget	1	142920
558.40625	1.0	NonTarget	1	142952
558.53125	1.0	NonTarget	1	142984
558.65625	1.0	NonTarget	1	143016
558.78125	1.0	NonTarget	1	143048
558.90625	1.0	NonTarget	1	143080
559.03125	1.0	NonTarget	1	143112
559.15625	1.0	NonTarget	1	143144
559.28125	1.0	NonTarget	1	143176
559.40625	1.0	NonTarget	1	143208
559.53125	1.0	NonTarget	1	143240
559.65625	1.0	NonTarget	1	143272
559.78125	1.0	NonTarget	1	143304
559.90625	1.0	NonTarget	1	143336
560.03125	1.0	NonTarget	1	143368
560.15625	1.0	NonTarget	1	143400
560.28125	1.0	NonTarget	1	143432
560.40625	1.0	NonTarget	1	143464
560.53125	1.0	NonTarget	1	143496
560.65625	1.0	NonTarget	1	143528
560.78125	1.0	NonTarget	1	143560
560.90625	1.0	NonTarget	1	143592
561.03125	1.0	NonTarget	1	143624
561.15625	1.0	NonTarget	1	143656
561.28125	1.0	NonTarget	1	143688
561.40625	1.0	NonTarget	1	143720
561.53125	1.0	NonTarget	1	143752
561.65625	1.0	NonTarget	1	143784
561.78125	1.0	NonTarget	1	143816
561.90625	1.0	NonTarget	1	143848
562.03125	1.0	NonTarget	1	143880
562.15625	1.0	NonTarget	1	143912
562.28125	1.0	NonTarget	1	143944
562.40625	1.0	NonTarget	1	143976
568.53125	1.0	NonTarget	1	145544
568.65625	1.0	NonTarget	1	145576
568.78125	1.0	NonTarget	1	145608
568.90625	1.0	NonTarget	1	145640
569.03125	1.0	NonTarget	1	145672
569.15625	1.0	NonTarget	1	145704
569.28125	1.0	NonTarget	1	145736
569.40625	1.0	NonTarget	1	145768
569.53125	1.0	NonTarget	1	145800
569.65625	1.0	NonTarget	1	145832
569.78125	1.0	NonTarget	1	145864
569.90625	1.0	NonTarget	1	145896
570.03125	1.0	NonTarget	1	145928
570.15625	1.0	NonTarget	1	145960
570.28125	1.0	NonTarget	1	145992
570.40625	1.0	NonTarget	1	146024
570.53125	1.0	NonTarget	1	146056
570.65625	1.0	NonTarget	1	146088
570.78125	1.0	NonTarget	1	146120
570.90625	1.0	NonTarget	1	146152
571.03125	1.0	NonTarget	1	146184
571.15625	1.0	NonTarget	1	146216
571.28125	1.0	NonTarget	1	146248
571.40625	1.0	NonTarget	1	146280
571.53125	1.0	NonTarget	1	146312
571.65625	1.0	NonTarget	1	146344
571.78125	1.0	NonTarget	1	146376
571.90625	1.0	NonTarget	1	146408
572.03125	1.0	NonTarget	1	146440
572.15625	1.0	NonTarget	1	146472
572.28125	1.0	NonTarget	1	146504
572.40625	1.0	NonTarget	1	146536
572.53125	1.0	NonTarget	1	146568
572.65625	1.0	NonTarget	1	146600
572.78125	1.0	NonTarget	1	146632
572.90625	1.0	NonTarget	1	146664
573.03125	1.0	NonTarget	1	146696
573.15625	1.0	NonTarget	1	146728
573.28125	1.0	NonTarget	1	146760
573.40625	1.0	NonTarget	1	146792
573.53125	1.0	NonTarget	1	146824
573.65625	1.0	NonTarget	1	146856
573.78125	1.0	NonTarget	1	146888
573.90625	1.0	NonTarget	1	146920
574.03125	1.0	NonTarget	1	146952
574.15625	1.0	NonTarget	1	146984
574.28125	1.0	NonTarget	1	147016
574.40625	1.0	NonTarget	1	147048
580.53125	1.0	NonTarget	1	148616
580.65625	1.0	NonTarget	1	148648
580.78125	1.0	NonTarget	1	148680
580.90625	1.0	NonTarget	1	148712
581.03125	1.0	NonTarget	1	148744
581.15625	1.0	NonTarget	1	148776
581.28125	1.0	NonTarget	1	148808
581.40625	1.0	NonTarget	1	148840
581.53125	1.0	NonTarget	1	148872
581.65625	1.0	NonTarget	1	148904
581.78125	1.0	NonTarget	1	148936
581.90625	1.0	NonTarget	1	148968
582.03125	1.0	NonTarget	1	149000
582.15625	1.0	NonTarget	1	149032
582.28125	1.0	NonTarget	1	149064
582.40625	1.0	NonTarget	1	149096
582.53125	1.0	NonTarget	1	149128
582.65625	1.0	NonTarget	1	149160
582.78125	1.0	NonTarget	1	149192
582.90625	1.0	NonTarget	1	149224
583.03125	1.0	NonTarget	1	149256
583.15625	1.0	NonTarget	1	149288
583.28125	1.0	NonTarget	1	149320
583.40625	1.0	NonTarget	1	149352
583.53125	1.0	NonTarget	1	149384
583.65625	1.0	NonTarget	1	149416
583.78125	1.0	NonTarget	1	149448
583.90625	1.0	NonTarget	1	149480
584.03125	1.0	NonTarget	1	149512
584.15625	1.0	NonTarget	1	149544
584.28125	1.0	NonTarget	1	149576
584.40625	1.0	NonTarget	1	149608
584.53125	1.0	NonTarget	1	149640
584.65625	1.0	NonTarget	1	149672
584.78125	1.0	NonTarget	1	149704
584.90625	1.0	NonTarget	1	149736
585.03125	1.0	NonTarget	1	149768
585.15625	1.0	NonTarget	1	149800
585.28125	1.0	NonTarget	1	149832
585.40625	1.0	NonTarget	1	149864
585.53125	1.0	NonTarget	1	149896
585.65625	1.0	NonTarget	1	149928
585.78125	1.0	NonTarget	1	149960
585.90625	1.0	NonTarget	1	149992
586.03125	1.0	NonTarget	1	150024
586.15625	1.0	NonTarget	1	150056
586.28125	1.0	NonTarget	1	150088
586.40625	1.0	NonTarget	1	150120
592.53125	1.0	NonTarget	1	151688
592.65625	1.0	NonTarget	1	151720
592.78125	1.0	NonTarget	1	151752
592.90625	1.0	NonTarget	1	151784
593.03125	1.0	NonTarget	1	151816
593.15625	1.0	NonTarget	1	151848
593.28125	1.0	NonTarget	1	151880
593.40625	1.0	NonTarget	1	151912
593.53125	1.0	NonTarget	1	151944
593.65625	1.0	NonTarget	1	151976
593.78125	1.0	NonTarget	1	152008
593.90625	1.0	NonTarget	1	152040
594.03125	1.0	NonTarget	1	152072
594.15625	1.0	NonTarget	1	152104
594.28125	1.0	NonTarget	1	152136
594.40625	1.0	NonTarget	1	152168
594.53125	1.0	NonTarget	1	152200
594.65625	1.0	NonTarget	1	152232
594.78125	1.0	NonTarget	1	152264
594.90625	1.0	NonTarget	1	152296
595.03125	1.0	NonTarget	1	152328
595.15625	1.0	NonTarget	1	152360
595.28125	1.0	NonTarget	1	152392
595.40625	1.0	NonTarget	1	152424
595.53125	1.0	NonTarget	1	152456
595.65625	1.0	NonTarget	1	152488
595.78125	1.0	NonTarget	1	152520
595.90625	1.0	NonTarget	1	152552
596.03125	1.0	NonTarget	1	152584
596.15625	1.0	NonTarget	1	152616
596.28125	1.0	NonTarget	1	152648
596.40625	1.0	NonTarget	1	152680
596.53125	1.0	NonTarget	1	152712
596.65625	1.0	NonTarget	1	152744
596.78125	1.0	NonTarget	1	152776
596.90625	1.0	NonTarget	1	152808
597.03125	1.0	NonTarget	1	152840
597.15625	1.0	NonTarget	1	152872
597.28125	1.0	NonTarget	1	152904
597.40625	1.0	NonTarget	1	152936
597.53125	1.0	NonTarget	1	152968
597.65625	1.0	NonTarget	1	153000
597.78125	1.0	NonTarget	1	153032
597.90625	1.0	NonTarget	1	153064
598.03125	1.0	NonTarget	1	153096
598.15625	1.0	NonTarget	1	153128
598.28125	1.0	NonTarget	1	153160
598.40625	1.0	NonTarget	1	153192
604.53125	1.0	NonTarget	1	154760
604.65625	1.0	NonTarget	1	154792
604.78125	1.0	NonTarget	1	154824
604.90625	1.0	NonTarget	1	154856
605.03125	1.0	NonTarget	1	154888
605.15625	1.0	NonTarget	1	154920
605.28125	1.0	NonTarget	1	154952
605.40625	1.0	NonTarget	1	154984
605.53125	1.0	NonTarget	1	155016
605.65625	1.0	NonTarget	1	155048
605.78125	1.0	NonTarget	1	155080
605.90625	1.0	NonTarget	1	155112
606.03125	1.0	NonTarget	1	155144
606.15625	1.0	NonTarget	1	155176
606.28125	1.0	NonTarget	1	155208
606.40625	1.0	NonTarget	1	155240
606.53125	1.0	NonTarget	1	155272
606.65625	1.0	NonTarget	1	155304
606.78125	1.0	NonTarget	1	155336
606.90625	1.0	NonTarget	1	155368
607.03125	1.0	NonTarget	1	155400
607.15625	1.0	NonTarget	1	155432
607.28125	1.0	NonTarget	1	155464
607.40625	1.0	NonTarget	1	155496
607.53125	1.0	NonTarget	1	155528
607.65625	1.0	NonTarget	1	155560
607.78125	1.0	NonTarget	1	155592
607.90625	1.0	NonTarget	1	155624
608.03125	1.0	NonTarget	1	155656
608.15625	1.0	NonTarget	1	155688
608.28125	1.0	NonTarget	1	155720
608.40625	1.0	NonTarget	1	155752
608.53125	1.0	NonTarget	1	155784
608.65625	1.0	NonTarget	1	155816
608.78125	1.0	NonTarget	1	155848
608.90625	1.0	NonTarget	1	155880
609.03125	1.0	NonTarget	1	155912
609.15625	1.0	NonTarget	1	155944
609.28125	1.0	NonTarget	1	155976
609.40625	1.0	NonTarget	1	156008
609.53125	1.0	NonTarget	1	156040
609.65625	1.0	NonTarget	1	156072
609.78125	1.0	NonTarget	1	156104
609.90625	1.0	NonTarget	1	156136
610.03125	1.0	NonTarget	1	156168
610.15625	1.0	NonTarget	1	156200
610.28125	1.0	NonTarget	1	156232
610.40625	1.0	NonTarget	1	156264
616.53125	1.0	NonTarget	1	157832
616.65625	1.0	NonTarget	1	157864
616.78125	1.0	NonTarget	1	157896
616.90625	1.0	NonTarget	1	157928
617.03125	1.0	NonTarget	1	157960
617.15625	1.0	NonTarget	1	157992
617.28125	1.0	NonTarget	1	158024
617.40625	1.0	NonTarget	1	158056
617.53125	1.0	NonTarget	1	158088
617.65625	1.0	NonTarget	1	158120
617.78125	1.0	NonTarget	1	158152
617.90625	1.0	NonTarget	1	158184
618.03125	1.0	NonTarget	1	158216
618.15625	1.0	NonTarget	1	158248
618.28125	1.0	NonTarget	1	158280
618.40625	1.0	NonTarget	1	158312
618.53125	1.0	NonTarget	1	158344
618.65625	1.0	NonTarget	1	158376
618.78125	1.0	NonTarget	1	158408
618.90625	1.0	NonTarget	1	158440
619.03125	1.0	NonTarget	1	158472
619.15625	1.0	NonTarget	1	158504
619.28125	1.0	NonTarget	1	158536
619.40625	1.0	NonTarget	1	158568
619.53125	1.0	NonTarget	1	158600
619.65625	1.0	NonTarget	1	158632
619.78125	1.0	NonTarget	1	158664
619.90625	1.0	NonTarget	1	158696
620.03125	1.0	NonTarget	1	158728
620.15625	1.0	NonTarget	1	158760
620.28125	1.0	NonTarget	1	158792
620.40625	1.0	NonTarget	1	158824
620.53125	1.0	NonTarget	1	158856
620.65625	1.0	NonTarget	1	158888
620.78125	1.0	NonTarget	1	158920
620.90625	1.0	NonTarget	1	158952
621.03125	1.0	NonTarget	1	158984
621.15625	1.0	NonTarget	1	159016
621.28125	1.0	NonTarget	1	159048
621.40625	1.0	NonTarget	1	159080
621.53125	1.0	NonTarget	1	159112
621.65625	1.0	NonTarget	1	159144
621.78125	1.0	NonTarget	1	159176
621.90625	1.0	NonTarget	1	159208
622.03125	1.0	NonTarget	1	159240
622.15625	1.0	NonTarget	1	159272
622.28125	1.0	NonTarget	1	159304
622.40625	1.0	NonTarget	1	159336
628.53125	1.0	NonTarget	1	160904
628.65625	1.0	NonTarget	1	160936
628.78125	1.0	NonTarget	1	160968
628.90625	1.0	NonTarget	1	161000
629.03125	1.0	NonTarget	1	161032
629.15625	1.0	NonTarget	1	161064
629.28125	1.0	NonTarget	1	161096
629.40625	1.0	NonTarget	1	161128
629.53125	1.0	NonTarget	1	161160
629.65625	1.0	NonTarget	1	161192
629.78125	1.0	NonTarget	1	161224
629.90625	1.0	NonTarget	1	161256
630.03125	1.0	NonTarget	1	161288
630.15625	1.0	NonTarget	1	161320
630.28125	1.0	NonTarget	1	161352
630.40625	1.0	NonTarget	1	161384
630.53125	1.0	NonTarget	1	161416
630.65625	1.0	NonTarget	1	161448
630.78125	1.0	NonTarget	1	161480
630.90625	1.0	NonTarget	1	161512
631.03125	1.0	NonTarget	1	161544
631.15625	1.0	NonTarget	1	161576
631.28125	1.0	NonTarget	1	161608
631.40625	1.0	NonTarget	1	161640
631.53125	1.0	NonTarget	1	161672
631.65625	1.0	NonTarget	1	161704
631.78125	1.0	NonTarget	1	161736
631.90625	1.0	NonTarget	1	161768
632.03125	1.0	NonTarget	1	161800
632.15625	1.0	NonTarget	1	161832
632.28125	1.0	NonTarget	1	161864
632.40625	1.0	NonTarget	1	161896
632.53125	1.0	NonTarget	1	161928
632.65625	1.0	NonTarget	1	161960
632.78125	1.0	NonTarget	1	161992
632.90625	1.0	NonTarget	1	162024
633.03125	1.0	NonTarget	1	162056
633.15625	1.0	NonTarget	1	162088
633.28125	1.0	NonTarget	1	162120
633.40625	1.0	NonTarget	1	162152
633.53125	1.0	NonTarget	1	162184
633.65625	1.0	NonTarget	1	162216
633.78125	1.0	NonTarget	1	162248
633.90625	1.0	NonTarget	1	162280
634.03125	1.0	NonTarget	1	162312
634.15625	1.0	NonTarget	1	162344
634.28125	1.0	NonTarget	1	162376
634.40625	1.0	NonTarget	1	162408
640.53125	1.0	NonTarget	1	163976
640.65625	1.0	NonTarget	1	164008
640.78125	1.0	NonTarget	1	164040
640.90625	1.0	NonTarget	1	164072
641.03125	1.0	NonTarget	1	164104
641.15625	1.0	NonTarget	1	164136
641.28125	1.0	NonTarget	1	164168
641.40625	1.0	NonTarget	1	164200
641.53125	1.0	NonTarget	1	164232
641.65625	1.0	NonTarget	1	164264
641.78125	1.0	NonTarget	1	164296
641.90625	1.0	NonTarget	1	164328
642.03125	1.0	NonTarget	1	164360
642.15625	1.0	NonTarget	1	164392
642.28125	1.0	NonTarget	1	164424
642.40625	1.0	NonTarget	1	164456
642.53125	1.0	NonTarget	1	164488
642.65625	1.0	NonTarget	1	164520
642.78125	1.0	NonTarget	1	164552
642.90625	1.0	NonTarget	1	164584
643.03125	1.0	NonTarget	1	164616
643.15625	1.0	NonTarget	1	164648
643.28125	1.0	NonTarget	1	164680
643.40625	1.0	NonTarget	1	164712
643.53125	1.0	NonTarget	1	164744
643.65625	1.0	NonTarget	1	164776
643.78125	1.0	NonTarget	1	164808
643.90625	1.0	NonTarget	1	164840
644.03125	1.0	NonTarget	1	164872
644.15625	1.0	NonTarget	1	164904
644.28125	1.0	NonTarget	1	164936
644.40625	1.0	NonTarget	1	164968
644.53125	1.0	NonTarget	1	165000
644.65625	1.0	NonTarget	1	165032
644.78125	1.0	NonTarget	1	165064
644.90625	1.0	NonTarget	1	165096
645.03125	1.0	NonTarget	1	165128
645.15625	1.0	NonTarget	1	165160
645.28125	1.0	NonTarget	1	165192
645.40625	1.0	NonTarget	1	165224
645.53125	1.0	NonTarget	1	165256
645.65625	1.0	NonTarget	1	165288
645.78125	1.0	NonTarget	1	165320
645.90625	1.0	NonTarget	1	165352
646.03125	1.0	NonTarget	1	165384
646.15625	1.0	NonTarget	1	165416
646.28125	1.0	NonTarget	1	165448
646.40625	1.0	NonTarget	1	165480
652.53125	1.0	NonTarget	1	167048
652.65625	1.0	NonTarget	1	167080
652.78125	1.0	NonTarget	1	167112
652.90625	1.0	NonTarget	1	167144
653.03125	1.0	NonTarget	1	167176
653.15625	1.0	NonTarget	1	167208
653.28125	1.0	NonTarget	1	167240
653.40625	1.0	NonTarget	1	167272
653.53125	1.0	NonTarget	1	167304
653.65625	1.0	NonTarget	1	167336
653.78125	1.0	NonTarget	1	167368
653.90625	1.0	NonTarget	1	167400
654.03125	1.0	NonTarget	1	167432
654.15625	1.0	NonTarget	1	167464
654.28125	1.0	NonTarget	1	167496
654.40625	1.0	NonTarget	1	167528
654.53125	1.0	NonTarget	1	167560
654.65625	1.0	NonTarget	1	167592
654.78125	1.0	NonTarget	1	167624
654.90625	1.0	NonTarget	1	167656
655.03125	1.0	NonTarget	1	167688
655.15625	1.0	NonTarget	1	167720
655.28125	1.0	NonTarget	1	167752
655.40625	1.0	NonTarget	1	167784
655.53125	1.0	NonTarget	1	167816
655.65625	1.0	NonTarget	1	167848
655.78125	1.0	NonTarget	1	167880
655.90625	1.0	NonTarget	1	167912
656.03125	1.0	NonTarget	1	167944
656.15625	1.0	NonTarget	1	167976
656.28125	1.0	NonTarget	1	168008
656.40625	1.0	NonTarget	1	168040
656.53125	1.0	NonTarget	1	168072
656.65625	1.0	NonTarget	1	168104
656.78125	1.0	NonTarget	1	168136
656.90625	1.0	NonTarget	1	168168
657.03125	1.0	NonTarget	1	168200
657.15625	1.0	NonTarget	1	168232
657.28125	1.0	NonTarget	1	168264
657.40625	1.0	NonTarget	1	168296
657.53125	1.0	NonTarget	1	168328
657.65625	1.0	NonTarget	1	168360
657.78125	1.0	NonTarget	1	168392
657.90625	1.0	NonTarget	1	168424
658.03125	1.0	NonTarget	1	168456
658.15625	1.0	NonTarget	1	168488
658.28125	1.0	NonTarget	1	168520
658.40625	1.0	NonTarget	1	168552
664.53125	1.0	NonTarget	1	170120
664.65625	1.0	NonTarget	1	170152
664.78125	1.0	NonTarget	1	170184
664.90625	1.0	NonTarget	1	170216
665.03125	1.0	NonTarget	1	170248
665.15625	1.0	NonTarget	1	170280
665.28125	1.0	NonTarget	1	170312
665.40625	1.0	NonTarget	1	170344
665.53125	1.0	NonTarget	1	170376
665.65625	1.0	NonTarget	1	170408
665.78125	1.0	NonTarget	1	170440
665.90625	1.0	NonTarget	1	170472
666.03125	1.0	NonTarget	1	170504
666.15625	1.0	NonTarget	1	170536
666.28125	1.0	NonTarget	1	170568
666.40625	1.0	NonTarget	1	170600
666.53125	1.0	NonTarget	1	170632
666.65625	1.0	NonTarget	1	170664
666.78125	1.0	NonTarget	1	170696
666.90625	1.0	NonTarget	1	170728
667.03125	1.0	NonTarget	1	170760
667.15625	1.0	NonTarget	1	170792
667.28125	1.0	NonTarget	1	170824
667.40625	1.0	NonTarget	1	170856
667.53125	1.0	NonTarget	1	170888
667.65625	1.0	NonTarget	1	170920
667.78125	1.0	NonTarget	1	170952
667.90625	1.0	NonTarget	1	170984
668.03125	1.0	NonTarget	1	171016
668.15625	1.0	NonTarget	1	171048
668.28125	1.0	NonTarget	1	171080
668.40625	1.0	NonTarget	1	171112
668.53125	1.0	NonTarget	1	171144
668.65625	1.0	NonTarget	1	171176
668.78125	1.0	NonTarget	1	171208
668.90625	1.0	NonTarget	1	171240
669.03125	1.0	NonTarget	1	171272
669.15625	1.0	NonTarget	1	171304
669.28125	1.0	NonTarget	1	171336
669.40625	1.0	NonTarget	1	171368
669.53125	1.0	NonTarget	1	171400
669.65625	1.0	NonTarget	1	171432
669.78125	1.0	NonTarget	1	171464
669.90625	1.0	NonTarget	1	171496
670.03125	1.0	NonTarget	1	171528
670.15625	1.0	NonTarget	1	171560
670.28125	1.0	NonTarget	1	171592
670.40625	1.0	NonTarget	1	171624
676.53125	1.0	NonTarget	1	173192
676.65625	1.0	NonTarget	1	173224
676.78125	1.0	NonTarget	1	173256
676.90625	1.0	NonTarget	1	173288
677.03125	1.0	NonTarget	1	173320
677.15625	1.0	NonTarget	1	173352
677.28125	1.0	NonTarget	1	173384
677.40625	1.0	NonTarget	1	173416
677.53125	1.0	NonTarget	1	173448
677.65625	1.0	NonTarget	1	173480
677.78125	1.0	NonTarget	1	173512
677.90625	1.0	NonTarget	1	173544
678.03125	1.0	NonTarget	1	173576
678.15625	1.0	NonTarget	1	173608
678.28125	1.0	NonTarget	1	173640
678.40625	1.0	NonTarget	1	173672
678.53125	1.0	NonTarget	1	173704
678.65625	1.0	NonTarget	1	173736
678.78125	1.0	NonTarget	1	173768
678.90625	1.0	NonTarget	1	173800
679.03125	1.0	NonTarget	1	173832
679.15625	1.0	NonTarget	1	173864
679.28125	1.0	NonTarget	1	173896
679.40625	1.0	NonTarget	1	173928
679.53125	1.0	NonTarget	1	173960
679.65625	1.0	NonTarget	1	173992
679.78125	1.0	NonTarget	1	174024
679.90625	1.0	NonTarget	1	174056
680.03125	1.0	NonTarget	1	174088
680.15625	1.0	NonTarget	1	174120
680.28125	1.0	NonTarget	1	174152
680.40625	1.0	NonTarget	1	174184
680.53125	1.0	NonTarget	1	174216
680.65625	1.0	NonTarget	1	174248
680.78125	1.0	NonTarget	1	174280
680.90625	1.0	NonTarget	1	174312
681.03125	1.0	NonTarget	1	174344
681.15625	1.0	NonTarget	1	174376
681.28125	1.0	NonTarget	1	174408
681.40625	1.0	NonTarget	1	174440
681.53125	1.0	NonTarget	1	174472
681.65625	1.0	NonTarget	1	174504
681.78125	1.0	NonTarget	1	174536
681.90625	1.0	NonTarget	1	174568
682.03125	1.0	NonTarget	1	174600
682.15625	1.0	NonTarget	1	174632
682.28125	1.0	NonTarget	1	174664
682.40625	1.0	NonTarget	1	174696
688.53125	1.0	NonTarget	1	176264
688.65625	1.0	NonTarget	1	176296
688.78125	1.0	NonTarget	1	176328
688.90625	1.0	NonTarget	1	176360
689.03125	1.0	NonTarget	1	176392
689.15625	1.0	NonTarget	1	176424
689.28125	1.0	NonTarget	1	176456
689.40625	1.0	NonTarget	1	176488
689.53125	1.0	NonTarget	1	176520
689.65625	1.0	NonTarget	1	176552
689.78125	1.0	NonTarget	1	176584
689.90625	1.0	NonTarget	1	176616
690.03125	1.0	NonTarget	1	176648
690.15625	1.0	NonTarget	1	176680
690.28125	1.0	NonTarget	1	176712
690.40625	1.0	NonTarget	1	176744
690.53125	1.0	NonTarget	1	176776
690.65625	1.0	NonTarget	1	176808
690.78125	1.0	NonTarget	1	176840
690.90625	1.0	NonTarget	1	176872
691.03125	1.0	NonTarget	1	176904
691.15625	1.0	NonTarget	1	176936
691.28125	1.0	NonTarget	1	176968
691.40625	1.0	NonTarget	1	177000
691.53125	1.0	NonTarget	1	177032
691.65625	1.0	NonTarget	1	177064
691.78125	1.0	NonTarget	1	177096
691.90625	1.0	NonTarget	1	177128
692.03125	1.0	NonTarget	1	177160
692.15625	1.0	NonTarget	1	177192
692.28125	1.0	NonTarget	1	177224
692.40625	1.0	NonTarget	1	177256
692.53125	1.0	NonTarget	1	177288
692.65625	1.0	NonTarget	1	177320
692.78125	1.0	NonTarget	1	177352
692.90625	1.0	NonTarget	1	177384
693.03125	1.0	NonTarget	1	177416
693.15625	1.0	NonTarget	1	177448
693.28125	1.0	NonTarget	1	177480
693.40625	1.0	NonTarget	1	177512
693.53125	1.0	NonTarget	1	177544
693.65625	1.0	NonTarget	1	177576
693.78125	1.0	NonTarget	1	177608
693.90625	1.0	NonTarget	1	177640
694.03125	1.0	NonTarget	1	177672
694.15625	1.0	NonTarget	1	177704
694.28125	1.0	NonTarget	1	177736
694.40625	1.0	NonTarget	1	177768
700.53125	1.0	NonTarget	1	179336
700.65625	1.0	NonTarget	1	179368
700.78125	1.0	NonTarget	1	179400
700.90625	1.0	NonTarget	1	179432
701.03125	1.0	NonTarget	1	179464
701.15625	1.0	NonTarget	1	179496
701.28125	1.0	NonTarget	1	179528
701.40625	1.0	NonTarget	1	179560
701.53125	1.0	NonTarget	1	179592
701.65625	1.0	NonTarget	1	179624
701.78125	1.0	NonTarget	1	179656
701.90625	1.0	NonTarget	1	179688
702.03125	1.0	NonTarget	1	179720
702.15625	1.0	NonTarget	1	179752
702.28125	1.0	NonTarget	1	179784
702.40625	1.0	NonTarget	1	179816
702.53125	1.0	NonTarget	1	179848
702.65625	1.0	NonTarget	1	179880
702.78125	1.0	NonTarget	1	179912
702.90625	1.0	NonTarget	1	179944
703.03125	1.0	NonTarget	1	179976
703.15625	1.0	NonTarget	1	180008
703.28125	1.0	NonTarget	1	180040
703.40625	1.0	NonTarget	1	180072
703.53125	1.0	NonTarget	1	180104
703.65625	1.0	NonTarget	1	180136
703.78125	1.0	NonTarget	1	180168
703.90625	1.0	NonTarget	1	180200
704.03125	1.0	NonTarget	1	180232
704.15625	1.0	NonTarget	1	180264
704.28125	1.0	NonTarget	1	180296
704.40625	1.0	NonTarget	1	180328
704.53125	1.0	NonTarget	1	180360
704.65625	1.0	NonTarget	1	180392
704.78125	1.0	NonTarget	1	180424
704.90625	1.0	NonTarget	1	180456
705.03125	1.0	NonTarget	1	180488
705.15625	1.0	NonTarget	1	180520
705.28125	1.0	NonTarget	1	180552
705.40625	1.0	NonTarget	1	180584
705.53125	1.0	NonTarget	1	180616
705.65625	1.0	NonTarget	1	180648
705.78125	1.0	NonTarget	1	180680
705.90625	1.0	NonTarget	1	180712
706.03125	1.0	NonTarget	1	180744
706.15625	1.0	NonTarget	1	180776
706.28125	1.0	NonTarget	1	180808
706.40625	1.0	NonTarget	1	180840
712.53125	1.0	NonTarget	1	182408
712.65625	1.0	NonTarget	1	182440
712.78125	1.0	NonTarget	1	182472
712.90625	1.0	NonTarget	1	182504
713.03125	1.0	NonTarget	1	182536
713.15625	1.0	NonTarget	1	182568
713.28125	1.0	NonTarget	1	182600
713.40625	1.0	NonTarget	1	182632
713.53125	1.0	NonTarget	1	182664
713.65625	1.0	NonTarget	1	182696
713.78125	1.0	NonTarget	1	182728
713.90625	1.0	NonTarget	1	182760
714.03125	1.0	NonTarget	1	182792
714.15625	1.0	NonTarget	1	182824
714.28125	1.0	NonTarget	1	182856
714.40625	1.0	NonTarget	1	182888
714.53125	1.0	NonTarget	1	182920
714.65625	1.0	NonTarget	1	182952
714.78125	1.0	NonTarget	1	182984
714.90625	1.0	NonTarget	1	183016
715.03125	1.0	NonTarget	1	183048
715.15625	1.0	NonTarget	1	183080
715.28125	1.0	NonTarget	1	183112
715.40625	1.0	NonTarget	1	183144
715.53125	1.0	NonTarget	1	183176
715.65625	1.0	NonTarget	1	183208
715.78125	1.0	NonTarget	1	183240
715.90625	1.0	NonTarget	1	183272
716.03125	1.0	NonTarget	1	183304
716.15625	1.0	NonTarget	1	183336
716.28125	1.0	NonTarget	1	183368
716.40625	1.0	NonTarget	1	183400
716.53125	1.0	NonTarget	1	183432
716.65625	1.0	NonTarget	1	183464
716.78125	1.0	NonTarget	1	183496
716.90625	1.0	NonTarget	1	183528
717.03125	1.0	NonTarget	1	183560
717.15625	1.0	NonTarget	1	183592
717.28125	1.0	NonTarget	1	183624
717.40625	1.0	NonTarget	1	183656
717.53125	1.0	NonTarget	1	183688
717.65625	1.0	NonTarget	1	183720
717.78125	1.0	NonTarget	1	183752
717.90625	1.0	NonTarget	1	183784
718.03125	0.96875	NonTarget	1	183816
718.15625	0.84375	NonTarget	1	183848
718.28125	0.71875	NonTarget	1	183880
718.40625	0.59375	NonTarget	1	183912
